id,date,time,milli sec,timestamp1,l_fm_odg_spab11,d_ffb_cfb,d_ffb_ltf,l_fm_odg_ffbmps,steelidtotal,type
0,2019-5-10,18:56:28,500,1557514589,1,1011,553,22.160913,2019-05-10 08:25:18 NO404,
1,2019-5-10,18:56:28,750,1557514589,1,1015,552,22.159706,2019-05-10 08:25:18 NO404,
2,2019-5-10,18:56:29,0,1557514589,1,1005,554,22.159706,2019-05-10 08:25:18 NO404,
3,2019-5-10,18:56:29,250,1557514589,1,1016,555,22.159706,2019-05-10 08:25:18 NO404,
4,2019-5-10,18:56:29,500,1557514590,1,1001,554,22.160913,2019-05-10 08:25:18 NO404,
5,2019-5-10,18:56:29,750,1557514590,1,1011,555,22.159706,2019-05-10 08:25:18 NO404,
6,2019-5-10,18:56:30,0,1557514590,1,1007,559,22.156082,2019-05-10 08:25:18 NO404,
7,2019-5-10,18:56:30,250,1557514590,1,1001,558,22.158497,2019-05-10 08:25:18 NO404,
8,2019-5-10,18:56:30,500,1557514591,1,1013,559,22.158497,2019-05-10 08:25:18 NO404,
9,2019-5-10,18:56:30,750,1557514591,1,1023,559,22.160913,2019-05-10 08:25:18 NO404,
10,2019-5-10,18:56:31,0,1557514591,1,1015,560,22.159706,2019-05-10 08:25:18 NO404,
11,2019-5-10,18:56:31,250,1557514591,1,1014,562,22.159706,2019-05-10 08:25:18 NO404,
12,2019-5-10,18:56:31,500,1557514592,1,1003,563,22.159706,2019-05-10 08:25:18 NO404,
13,2019-5-10,18:56:31,750,1557514592,1,1024,563,22.160913,2019-05-10 08:25:18 NO404,
14,2019-5-10,18:56:32,0,1557514592,1,1026,564,22.158497,2019-05-10 08:25:18 NO404,
15,2019-5-10,18:56:32,250,1557514592,1,1021,567,22.15729,2019-05-10 08:25:18 NO404,
16,2019-5-10,18:56:32,500,1557514593,1,1016,568,22.15729,2019-05-10 08:25:18 NO404,
17,2019-5-10,18:56:32,750,1557514593,1,1006,562,22.160913,2019-05-10 08:25:18 NO404,
18,2019-5-10,18:56:33,0,1557514593,1,1027,558,22.162121,2019-05-10 08:25:18 NO404,
19,2019-5-10,18:56:33,250,1557514593,1,1004,555,22.160913,2019-05-10 08:25:18 NO404,
20,2019-5-10,18:56:33,500,1557514594,1,1010,556,22.159706,2019-05-10 08:25:18 NO404,
21,2019-5-10,18:56:33,750,1557514594,1,996,553,22.158497,2019-05-10 08:25:18 NO404,
22,2019-5-10,18:56:34,0,1557514594,1,1003,554,22.158497,2019-05-10 08:25:18 NO404,
23,2019-5-10,18:56:34,250,1557514594,1,982,550,22.162121,2019-05-10 08:25:18 NO404,
24,2019-5-10,18:56:34,500,1557514595,1,1000,552,22.160913,2019-05-10 08:25:18 NO404,
25,2019-5-10,18:56:34,750,1557514595,1,1019,551,22.162121,2019-05-10 08:25:18 NO404,
26,2019-5-10,18:56:35,0,1557514595,1,1007,550,22.158497,2019-05-10 08:25:18 NO404,
27,2019-5-10,18:56:35,250,1557514595,1,995,549,22.159706,2019-05-10 08:25:18 NO404,
28,2019-5-10,18:56:35,500,1557514596,1,995,548,22.158497,2019-05-10 08:25:18 NO404,
29,2019-5-10,18:56:35,750,1557514596,1,1006,547,22.162121,2019-05-10 08:25:18 NO404,
30,2019-5-10,18:56:36,0,1557514596,1,994,548,22.160913,2019-05-10 08:25:18 NO404,
31,2019-5-10,18:56:36,250,1557514596,1,995,549,22.156082,2019-05-10 08:25:18 NO404,
32,2019-5-10,18:56:36,500,1557514597,1,1004,548,22.160913,2019-05-10 08:25:18 NO404,
33,2019-5-10,18:56:36,750,1557514597,1,1021,550,22.159706,2019-05-10 08:25:18 NO404,
34,2019-5-10,18:56:37,0,1557514597,1,1017,550,22.162121,2019-05-10 08:25:18 NO404,
35,2019-5-10,18:56:37,250,1557514597,1,1008,549,22.159706,2019-05-10 08:25:18 NO404,
36,2019-5-10,18:56:37,500,1557514598,1,1001,552,22.158497,2019-05-10 08:25:18 NO404,
37,2019-5-10,18:56:37,750,1557514598,1,1003,555,22.15729,2019-05-10 08:25:18 NO404,
38,2019-5-10,18:56:38,0,1557514598,1,1002,553,22.160913,2019-05-10 08:25:18 NO404,
39,2019-5-10,18:56:38,250,1557514598,1,1031,554,22.160913,2019-05-10 08:25:18 NO404,
40,2019-5-10,18:56:38,500,1557514599,1,998,553,22.158497,2019-05-10 08:25:18 NO404,
41,2019-5-10,18:56:38,750,1557514599,1,1008,554,22.15729,2019-05-10 08:25:18 NO404,
42,2019-5-10,18:56:39,0,1557514599,1,1016,559,22.158497,2019-05-10 08:25:18 NO404,
43,2019-5-10,18:56:39,250,1557514599,1,1010,560,22.158497,2019-05-10 08:25:18 NO404,
44,2019-5-10,18:56:39,500,1557514600,1,1027,564,22.160913,2019-05-10 08:25:18 NO404,
45,2019-5-10,18:56:39,750,1557514600,1,1040,566,22.158497,2019-05-10 08:25:18 NO404,
46,2019-5-10,18:56:40,0,1557514600,1,1026,565,22.158497,2019-05-10 08:25:18 NO404,
47,2019-5-10,18:56:40,250,1557514600,1,1022,564,22.15729,2019-05-10 08:25:18 NO404,
48,2019-5-10,18:56:40,500,1557514601,1,1031,561,22.162121,2019-05-10 08:25:18 NO404,
49,2019-5-10,18:56:40,750,1557514601,1,1015,558,22.160913,2019-05-10 08:25:18 NO404,
50,2019-5-10,18:56:41,0,1557514601,1,1003,549,22.163328,2019-05-10 08:25:18 NO404,
51,2019-5-10,18:56:41,250,1557514601,1,1022,550,22.15729,2019-05-10 08:25:18 NO404,
52,2019-5-10,18:56:41,500,1557514602,1,1040,565,22.15729,2019-05-10 08:25:18 NO404,
53,2019-5-10,18:56:41,750,1557514602,1,1043,580,22.156082,2019-05-10 08:25:18 NO404,
54,2019-5-10,18:56:42,0,1557514602,1,1060,588,22.158497,2019-05-10 08:25:18 NO404,
55,2019-5-10,18:56:42,250,1557514602,1,871,345,22.158497,2019-05-10 08:25:18 NO404,
56,2019-5-10,18:56:42,500,1557514603,1,565,214,22.220089,2019-05-10 08:25:18 NO404,
184,2019-5-10,18:57:14,500,1557514635,1,939,589,22.357767,2019-05-10 08:25:18 NO405,
185,2019-5-10,18:57:14,750,1557514635,1,906,584,22.320326,2019-05-10 08:25:18 NO405,
186,2019-5-10,18:57:15,0,1557514635,1,907,583,22.26115,2019-05-10 08:25:18 NO405,
187,2019-5-10,18:57:15,250,1557514635,1,937,593,22.197144,2019-05-10 08:25:18 NO405,
188,2019-5-10,18:57:15,500,1557514636,1,1103,575,22.156082,2019-05-10 08:25:18 NO405,
189,2019-5-10,18:57:15,750,1557514636,1,1089,609,22.153666,2019-05-10 08:25:18 NO405,
190,2019-5-10,18:57:16,0,1557514636,1,1093,608,22.160913,2019-05-10 08:25:18 NO405,
191,2019-5-10,18:57:16,250,1557514636,1,1077,608,22.159706,2019-05-10 08:25:18 NO405,
192,2019-5-10,18:57:16,500,1557514637,1,1090,607,22.162121,2019-05-10 08:25:18 NO405,
193,2019-5-10,18:57:16,750,1557514637,1,969,547,22.170574,2019-05-10 08:25:18 NO405,
194,2019-5-10,18:57:17,0,1557514637,1,1068,574,22.156082,2019-05-10 08:25:18 NO405,
195,2019-5-10,18:57:17,250,1557514637,1,1071,597,22.15729,2019-05-10 08:25:18 NO405,
196,2019-5-10,18:57:17,500,1557514638,1,1058,589,22.160913,2019-05-10 08:25:18 NO405,
197,2019-5-10,18:57:17,750,1557514638,1,1044,580,22.162121,2019-05-10 08:25:18 NO405,
198,2019-5-10,18:57:18,0,1557514638,1,1025,569,22.160913,2019-05-10 08:25:18 NO405,
199,2019-5-10,18:57:18,250,1557514638,1,1005,563,22.159706,2019-05-10 08:25:18 NO405,
200,2019-5-10,18:57:18,500,1557514639,1,1009,557,22.163328,2019-05-10 08:25:18 NO405,
201,2019-5-10,18:57:18,750,1557514639,1,1007,558,22.160913,2019-05-10 08:25:18 NO405,
202,2019-5-10,18:57:19,0,1557514639,1,1031,562,22.160913,2019-05-10 08:25:18 NO405,
203,2019-5-10,18:57:19,250,1557514639,1,994,556,22.15729,2019-05-10 08:25:18 NO405,
204,2019-5-10,18:57:19,500,1557514640,1,1008,556,22.159706,2019-05-10 08:25:18 NO405,
205,2019-5-10,18:57:19,750,1557514640,1,1005,553,22.159706,2019-05-10 08:25:18 NO405,
206,2019-5-10,18:57:20,0,1557514640,1,996,548,22.163328,2019-05-10 08:25:18 NO405,
207,2019-5-10,18:57:20,250,1557514640,1,1002,548,22.159706,2019-05-10 08:25:18 NO405,
208,2019-5-10,18:57:20,500,1557514641,1,1006,551,22.158497,2019-05-10 08:25:18 NO405,
209,2019-5-10,18:57:20,750,1557514641,1,993,550,22.158497,2019-05-10 08:25:18 NO405,
210,2019-5-10,18:57:21,0,1557514641,1,992,550,22.160913,2019-05-10 08:25:18 NO405,
211,2019-5-10,18:57:21,250,1557514641,1,1001,550,22.160913,2019-05-10 08:25:18 NO405,
212,2019-5-10,18:57:21,500,1557514642,1,1002,553,22.159706,2019-05-10 08:25:18 NO405,
213,2019-5-10,18:57:21,750,1557514642,1,1019,554,22.15729,2019-05-10 08:25:18 NO405,
214,2019-5-10,18:57:22,0,1557514642,1,1012,555,22.159706,2019-05-10 08:25:18 NO405,
215,2019-5-10,18:57:22,250,1557514642,1,1009,555,22.159706,2019-05-10 08:25:18 NO405,
216,2019-5-10,18:57:22,500,1557514643,1,1011,554,22.163328,2019-05-10 08:25:18 NO405,
217,2019-5-10,18:57:22,750,1557514643,1,1013,554,22.159706,2019-05-10 08:25:18 NO405,
218,2019-5-10,18:57:23,0,1557514643,1,1022,555,22.158497,2019-05-10 08:25:18 NO405,
219,2019-5-10,18:57:23,250,1557514643,1,1013,556,22.159706,2019-05-10 08:25:18 NO405,
220,2019-5-10,18:57:23,500,1557514644,1,1021,554,22.159706,2019-05-10 08:25:18 NO405,
221,2019-5-10,18:57:23,750,1557514644,1,1022,552,22.160913,2019-05-10 08:25:18 NO405,
222,2019-5-10,18:57:24,0,1557514644,1,1002,551,22.160913,2019-05-10 08:25:18 NO405,
223,2019-5-10,18:57:24,250,1557514644,1,1015,550,22.159706,2019-05-10 08:25:18 NO405,
224,2019-5-10,18:57:24,500,1557514645,1,1008,551,22.158497,2019-05-10 08:25:18 NO405,
225,2019-5-10,18:57:24,750,1557514645,1,1009,548,22.160913,2019-05-10 08:25:18 NO405,
226,2019-5-10,18:57:25,0,1557514645,1,1010,549,22.162121,2019-05-10 08:25:18 NO405,
227,2019-5-10,18:57:25,250,1557514645,1,1005,547,22.160913,2019-05-10 08:25:18 NO405,
228,2019-5-10,18:57:25,500,1557514646,1,1010,548,22.158497,2019-05-10 08:25:18 NO405,
229,2019-5-10,18:57:25,750,1557514646,1,992,549,22.15729,2019-05-10 08:25:18 NO405,
230,2019-5-10,18:57:26,0,1557514646,1,1014,549,22.158497,2019-05-10 08:25:18 NO405,
231,2019-5-10,18:57:26,250,1557514646,1,997,548,22.159706,2019-05-10 08:25:18 NO405,
232,2019-5-10,18:57:26,500,1557514647,1,1017,548,22.159706,2019-05-10 08:25:18 NO405,
233,2019-5-10,18:57:26,750,1557514647,1,1002,549,22.159706,2019-05-10 08:25:18 NO405,
234,2019-5-10,18:57:27,0,1557514647,1,1010,549,22.158497,2019-05-10 08:25:18 NO405,
235,2019-5-10,18:57:27,250,1557514647,1,1014,548,22.159706,2019-05-10 08:25:18 NO405,
236,2019-5-10,18:57:27,500,1557514648,1,1034,547,22.160913,2019-05-10 08:25:18 NO405,
237,2019-5-10,18:57:27,750,1557514648,1,999,548,22.160913,2019-05-10 08:25:18 NO405,
238,2019-5-10,18:57:28,0,1557514648,1,1008,549,22.158497,2019-05-10 08:25:18 NO405,
239,2019-5-10,18:57:28,250,1557514648,1,1003,548,22.159706,2019-05-10 08:25:18 NO405,
240,2019-5-10,18:57:28,500,1557514649,1,995,549,22.160913,2019-05-10 08:25:18 NO405,
241,2019-5-10,18:57:28,750,1557514649,1,999,548,22.162121,2019-05-10 08:25:18 NO405,
242,2019-5-10,18:57:29,0,1557514649,1,1012,548,22.159706,2019-05-10 08:25:18 NO405,
243,2019-5-10,18:57:29,250,1557514649,1,1002,548,22.15729,2019-05-10 08:25:18 NO405,
244,2019-5-10,18:57:29,500,1557514650,1,1001,549,22.160913,2019-05-10 08:25:18 NO405,
245,2019-5-10,18:57:29,750,1557514650,1,1014,550,22.159706,2019-05-10 08:25:18 NO405,
246,2019-5-10,18:57:30,0,1557514650,1,998,549,22.159706,2019-05-10 08:25:18 NO405,
247,2019-5-10,18:57:30,250,1557514650,1,1012,551,22.162121,2019-05-10 08:25:18 NO405,
248,2019-5-10,18:57:30,500,1557514651,1,1016,550,22.15729,2019-05-10 08:25:18 NO405,
249,2019-5-10,18:57:30,750,1557514651,1,1006,551,22.158497,2019-05-10 08:25:18 NO405,
250,2019-5-10,18:57:31,0,1557514651,1,1028,553,22.160913,2019-05-10 08:25:18 NO405,
251,2019-5-10,18:57:31,250,1557514651,1,1020,554,22.159706,2019-05-10 08:25:18 NO405,
252,2019-5-10,18:57:31,500,1557514652,1,1009,557,22.159706,2019-05-10 08:25:18 NO405,
253,2019-5-10,18:57:31,750,1557514652,1,1003,559,22.159706,2019-05-10 08:25:18 NO405,
254,2019-5-10,18:57:32,0,1557514652,1,1021,558,22.158497,2019-05-10 08:25:18 NO405,
255,2019-5-10,18:57:32,250,1557514652,1,1020,556,22.159706,2019-05-10 08:25:18 NO405,
256,2019-5-10,18:57:32,500,1557514653,1,1009,554,22.160913,2019-05-10 08:25:18 NO405,
257,2019-5-10,18:57:32,750,1557514653,1,1014,550,22.160913,2019-05-10 08:25:18 NO405,
258,2019-5-10,18:57:33,0,1557514653,1,1009,550,22.158497,2019-05-10 08:25:18 NO405,
259,2019-5-10,18:57:33,250,1557514653,1,995,548,22.158497,2019-05-10 08:25:18 NO405,
260,2019-5-10,18:57:33,500,1557514654,1,994,547,22.162121,2019-05-10 08:25:18 NO405,
261,2019-5-10,18:57:33,750,1557514654,1,992,547,22.159706,2019-05-10 08:25:18 NO405,
262,2019-5-10,18:57:34,0,1557514654,1,981,547,22.160913,2019-05-10 08:25:18 NO405,
263,2019-5-10,18:57:34,250,1557514654,1,994,547,22.158497,2019-05-10 08:25:18 NO405,
264,2019-5-10,18:57:34,500,1557514655,1,990,548,22.159706,2019-05-10 08:25:18 NO405,
265,2019-5-10,18:57:34,750,1557514655,1,1005,546,22.159706,2019-05-10 08:25:18 NO405,
266,2019-5-10,18:57:35,0,1557514655,1,996,547,22.162121,2019-05-10 08:25:18 NO405,
267,2019-5-10,18:57:35,250,1557514655,1,1019,547,22.159706,2019-05-10 08:25:18 NO405,
268,2019-5-10,18:57:35,500,1557514656,1,988,546,22.160913,2019-05-10 08:25:18 NO405,
269,2019-5-10,18:57:35,750,1557514656,1,1018,547,22.158497,2019-05-10 08:25:18 NO405,
270,2019-5-10,18:57:36,0,1557514656,1,990,545,22.159706,2019-05-10 08:25:18 NO405,
271,2019-5-10,18:57:36,250,1557514656,1,998,545,22.162121,2019-05-10 08:25:18 NO405,
272,2019-5-10,18:57:36,500,1557514657,1,986,545,22.160913,2019-05-10 08:25:18 NO405,
273,2019-5-10,18:57:36,750,1557514657,1,996,546,22.159706,2019-05-10 08:25:18 NO405,
274,2019-5-10,18:57:37,0,1557514657,1,998,545,22.15729,2019-05-10 08:25:18 NO405,
275,2019-5-10,18:57:37,250,1557514657,1,982,547,22.158497,2019-05-10 08:25:18 NO405,
276,2019-5-10,18:57:37,500,1557514658,1,1009,547,22.160913,2019-05-10 08:25:18 NO405,
277,2019-5-10,18:57:37,750,1557514658,1,1010,547,22.160913,2019-05-10 08:25:18 NO405,
278,2019-5-10,18:57:38,0,1557514658,1,1002,548,22.159706,2019-05-10 08:25:18 NO405,
279,2019-5-10,18:57:38,250,1557514658,1,1006,549,22.15729,2019-05-10 08:25:18 NO405,
280,2019-5-10,18:57:38,500,1557514659,1,1015,550,22.158497,2019-05-10 08:25:18 NO405,
281,2019-5-10,18:57:38,750,1557514659,1,994,551,22.15729,2019-05-10 08:25:18 NO405,
282,2019-5-10,18:57:39,0,1557514659,1,1016,552,22.160913,2019-05-10 08:25:18 NO405,
283,2019-5-10,18:57:39,250,1557514659,1,997,551,22.158497,2019-05-10 08:25:18 NO405,
284,2019-5-10,18:57:39,500,1557514660,1,1020,551,22.158497,2019-05-10 08:25:18 NO405,
285,2019-5-10,18:57:39,750,1557514660,1,1007,549,22.160913,2019-05-10 08:25:18 NO405,
286,2019-5-10,18:57:40,0,1557514660,1,1021,549,22.160913,2019-05-10 08:25:18 NO405,
287,2019-5-10,18:57:40,250,1557514660,1,993,548,22.162121,2019-05-10 08:25:18 NO405,
288,2019-5-10,18:57:40,500,1557514661,1,1001,548,22.159706,2019-05-10 08:25:18 NO405,
289,2019-5-10,18:57:40,750,1557514661,1,1014,549,22.15729,2019-05-10 08:25:18 NO405,
290,2019-5-10,18:57:41,0,1557514661,1,998,550,22.159706,2019-05-10 08:25:18 NO405,
291,2019-5-10,18:57:41,250,1557514661,1,1001,548,22.160913,2019-05-10 08:25:18 NO405,
292,2019-5-10,18:57:41,500,1557514662,1,1011,547,22.159706,2019-05-10 08:25:18 NO405,
293,2019-5-10,18:57:41,750,1557514662,1,1015,548,22.160913,2019-05-10 08:25:18 NO405,
294,2019-5-10,18:57:42,0,1557514662,1,996,547,22.159706,2019-05-10 08:25:18 NO405,
295,2019-5-10,18:57:42,250,1557514662,1,1008,547,22.158497,2019-05-10 08:25:18 NO405,
296,2019-5-10,18:57:42,500,1557514663,1,994,547,22.159706,2019-05-10 08:25:18 NO405,
297,2019-5-10,18:57:42,750,1557514663,1,999,546,22.160913,2019-05-10 08:25:18 NO405,
298,2019-5-10,18:57:43,0,1557514663,1,988,547,22.15729,2019-05-10 08:25:18 NO405,
299,2019-5-10,18:57:43,250,1557514663,1,1008,547,22.158497,2019-05-10 08:25:18 NO405,
300,2019-5-10,18:57:43,500,1557514664,1,998,546,22.158497,2019-05-10 08:25:18 NO405,
301,2019-5-10,18:57:43,750,1557514664,1,1005,545,22.160913,2019-05-10 08:25:18 NO405,
302,2019-5-10,18:57:44,0,1557514664,1,991,546,22.159706,2019-05-10 08:25:18 NO405,
303,2019-5-10,18:57:44,250,1557514664,1,999,546,22.159706,2019-05-10 08:25:18 NO405,
304,2019-5-10,18:57:44,500,1557514665,1,1012,548,22.159706,2019-05-10 08:25:18 NO405,
305,2019-5-10,18:57:44,750,1557514665,1,1003,549,22.15729,2019-05-10 08:25:18 NO405,
306,2019-5-10,18:57:45,0,1557514665,1,1006,550,22.159706,2019-05-10 08:25:18 NO405,
307,2019-5-10,18:57:45,250,1557514665,1,996,552,22.160913,2019-05-10 08:25:18 NO405,
308,2019-5-10,18:57:45,500,1557514666,1,1023,554,22.159706,2019-05-10 08:25:18 NO405,
309,2019-5-10,18:57:45,750,1557514666,1,1010,556,22.15729,2019-05-10 08:25:18 NO405,
310,2019-5-10,18:57:46,0,1557514666,1,1013,556,22.158497,2019-05-10 08:25:18 NO405,
311,2019-5-10,18:57:46,250,1557514666,1,1004,555,22.160913,2019-05-10 08:25:18 NO405,
312,2019-5-10,18:57:46,500,1557514667,1,1011,554,22.159706,2019-05-10 08:25:18 NO405,
313,2019-5-10,18:57:46,750,1557514667,1,1007,552,22.160913,2019-05-10 08:25:18 NO405,
314,2019-5-10,18:57:47,0,1557514667,1,1017,551,22.158497,2019-05-10 08:25:18 NO405,
315,2019-5-10,18:57:47,250,1557514667,1,1012,549,22.159706,2019-05-10 08:25:18 NO405,
316,2019-5-10,18:57:47,500,1557514668,1,1004,549,22.159706,2019-05-10 08:25:18 NO405,
317,2019-5-10,18:57:47,750,1557514668,1,1003,551,22.160913,2019-05-10 08:25:18 NO405,
318,2019-5-10,18:57:48,0,1557514668,1,997,550,22.159706,2019-05-10 08:25:18 NO405,
319,2019-5-10,18:57:48,250,1557514668,1,988,549,22.158497,2019-05-10 08:25:18 NO405,
320,2019-5-10,18:57:48,500,1557514669,1,1000,552,22.158497,2019-05-10 08:25:18 NO405,
321,2019-5-10,18:57:48,750,1557514669,1,996,552,22.159706,2019-05-10 08:25:18 NO405,
322,2019-5-10,18:57:49,0,1557514669,1,999,552,22.159706,2019-05-10 08:25:18 NO405,
323,2019-5-10,18:57:49,250,1557514669,1,1005,554,22.159706,2019-05-10 08:25:18 NO405,
324,2019-5-10,18:57:49,500,1557514670,1,1001,554,22.158497,2019-05-10 08:25:18 NO405,
325,2019-5-10,18:57:49,750,1557514670,1,1000,552,22.159706,2019-05-10 08:25:18 NO405,
326,2019-5-10,18:57:50,0,1557514670,1,1011,551,22.159706,2019-05-10 08:25:18 NO405,
327,2019-5-10,18:57:50,250,1557514670,1,997,552,22.160913,2019-05-10 08:25:18 NO405,
328,2019-5-10,18:57:50,500,1557514671,1,998,553,22.159706,2019-05-10 08:25:18 NO405,
329,2019-5-10,18:57:50,750,1557514671,1,1005,553,22.158497,2019-05-10 08:25:18 NO405,
330,2019-5-10,18:57:51,0,1557514671,1,1006,554,22.159706,2019-05-10 08:25:18 NO405,
331,2019-5-10,18:57:51,250,1557514671,1,1008,555,22.159706,2019-05-10 08:25:18 NO405,
332,2019-5-10,18:57:51,500,1557514672,1,1012,555,22.163328,2019-05-10 08:25:18 NO405,
333,2019-5-10,18:57:51,750,1557514672,1,998,555,22.159706,2019-05-10 08:25:18 NO405,
334,2019-5-10,18:57:52,0,1557514672,1,1008,557,22.159706,2019-05-10 08:25:18 NO405,
335,2019-5-10,18:57:52,250,1557514672,1,1018,558,22.158497,2019-05-10 08:25:18 NO405,
336,2019-5-10,18:57:52,500,1557514673,1,1013,558,22.160913,2019-05-10 08:25:18 NO405,
337,2019-5-10,18:57:52,750,1557514673,1,1013,559,22.162121,2019-05-10 08:25:18 NO405,
338,2019-5-10,18:57:53,0,1557514673,1,1014,558,22.160913,2019-05-10 08:25:18 NO405,
339,2019-5-10,18:57:53,250,1557514673,1,1017,558,22.159706,2019-05-10 08:25:18 NO405,
340,2019-5-10,18:57:53,500,1557514674,1,1007,556,22.162121,2019-05-10 08:25:18 NO405,
341,2019-5-10,18:57:53,750,1557514674,1,1030,555,22.160913,2019-05-10 08:25:18 NO405,
342,2019-5-10,18:57:54,0,1557514674,1,1020,556,22.162121,2019-05-10 08:25:18 NO405,
343,2019-5-10,18:57:54,250,1557514674,1,1015,556,22.15729,2019-05-10 08:25:18 NO405,
344,2019-5-10,18:57:54,500,1557514675,1,1014,557,22.159706,2019-05-10 08:25:18 NO405,
345,2019-5-10,18:57:54,750,1557514675,1,1016,555,22.158497,2019-05-10 08:25:18 NO405,
346,2019-5-10,18:57:55,0,1557514675,1,1000,556,22.162121,2019-05-10 08:25:18 NO405,
347,2019-5-10,18:57:55,250,1557514675,1,1020,555,22.159706,2019-05-10 08:25:18 NO405,
348,2019-5-10,18:57:55,500,1557514676,1,1024,557,22.160913,2019-05-10 08:25:18 NO405,
349,2019-5-10,18:57:55,750,1557514676,1,1020,558,22.156082,2019-05-10 08:25:18 NO405,
350,2019-5-10,18:57:56,0,1557514676,1,1006,556,22.159706,2019-05-10 08:25:18 NO405,
351,2019-5-10,18:57:56,250,1557514676,1,1009,559,22.158497,2019-05-10 08:25:18 NO405,
352,2019-5-10,18:57:56,500,1557514677,1,1009,557,22.160913,2019-05-10 08:25:18 NO405,
353,2019-5-10,18:57:56,750,1557514677,1,1010,557,22.160913,2019-05-10 08:25:18 NO405,
354,2019-5-10,18:57:57,0,1557514677,1,1013,557,22.158497,2019-05-10 08:25:18 NO405,
355,2019-5-10,18:57:57,250,1557514677,1,1020,559,22.15729,2019-05-10 08:25:18 NO405,
356,2019-5-10,18:57:57,500,1557514678,1,1001,557,22.162121,2019-05-10 08:25:18 NO405,
357,2019-5-10,18:57:57,750,1557514678,1,1025,558,22.159706,2019-05-10 08:25:18 NO405,
358,2019-5-10,18:57:58,0,1557514678,1,1021,558,22.160913,2019-05-10 08:25:18 NO405,
359,2019-5-10,18:57:58,250,1557514678,1,1027,559,22.15729,2019-05-10 08:25:18 NO405,
360,2019-5-10,18:57:58,500,1557514679,1,1011,558,22.159706,2019-05-10 08:25:18 NO405,
361,2019-5-10,18:57:58,750,1557514679,1,1027,558,22.159706,2019-05-10 08:25:18 NO405,
362,2019-5-10,18:57:59,0,1557514679,1,1011,559,22.160913,2019-05-10 08:25:18 NO405,
363,2019-5-10,18:57:59,250,1557514679,1,1017,561,22.160913,2019-05-10 08:25:18 NO405,
364,2019-5-10,18:57:59,500,1557514680,1,1032,563,22.15729,2019-05-10 08:25:18 NO405,
365,2019-5-10,18:57:59,750,1557514680,1,1005,564,22.158497,2019-05-10 08:25:18 NO405,
366,2019-5-10,18:58:00,0,1557514680,1,1049,564,22.159706,2019-05-10 08:25:18 NO405,
367,2019-5-10,18:58:00,250,1557514680,1,1029,563,22.160913,2019-05-10 08:25:18 NO405,
368,2019-5-10,18:58:00,500,1557514681,1,1029,559,22.162121,2019-05-10 08:25:18 NO405,
369,2019-5-10,18:58:00,750,1557514681,1,1007,554,22.159706,2019-05-10 08:25:18 NO405,
370,2019-5-10,18:58:01,0,1557514681,1,1016,553,22.159706,2019-05-10 08:25:18 NO405,
371,2019-5-10,18:58:01,250,1557514681,1,1000,551,22.162121,2019-05-10 08:25:18 NO405,
372,2019-5-10,18:58:01,500,1557514682,1,1015,552,22.160913,2019-05-10 08:25:18 NO405,
373,2019-5-10,18:58:01,750,1557514682,1,1006,552,22.159706,2019-05-10 08:25:18 NO405,
374,2019-5-10,18:58:02,0,1557514682,1,1027,553,22.156082,2019-05-10 08:25:18 NO405,
375,2019-5-10,18:58:02,250,1557514682,1,993,551,22.159706,2019-05-10 08:25:18 NO405,
376,2019-5-10,18:58:02,500,1557514683,1,1000,551,22.158497,2019-05-10 08:25:18 NO405,
377,2019-5-10,18:58:02,750,1557514683,1,994,551,22.160913,2019-05-10 08:25:18 NO405,
378,2019-5-10,18:58:03,0,1557514683,1,997,552,22.158497,2019-05-10 08:25:18 NO405,
379,2019-5-10,18:58:03,250,1557514683,1,996,552,22.158497,2019-05-10 08:25:18 NO405,
380,2019-5-10,18:58:03,500,1557514684,1,1012,550,22.156082,2019-05-10 08:25:18 NO405,
381,2019-5-10,18:58:03,750,1557514684,1,1002,551,22.160913,2019-05-10 08:25:18 NO405,
382,2019-5-10,18:58:04,0,1557514684,1,994,551,22.159706,2019-05-10 08:25:18 NO405,
383,2019-5-10,18:58:04,250,1557514684,1,993,550,22.160913,2019-05-10 08:25:18 NO405,
384,2019-5-10,18:58:04,500,1557514685,1,990,550,22.158497,2019-05-10 08:25:18 NO405,
385,2019-5-10,18:58:04,750,1557514685,1,1010,552,22.15729,2019-05-10 08:25:18 NO405,
386,2019-5-10,18:58:05,0,1557514685,1,1005,550,22.159706,2019-05-10 08:25:18 NO405,
387,2019-5-10,18:58:05,250,1557514685,1,1005,553,22.160913,2019-05-10 08:25:18 NO405,
388,2019-5-10,18:58:05,500,1557514686,1,1011,556,22.158497,2019-05-10 08:25:18 NO405,
389,2019-5-10,18:58:05,750,1557514686,1,1003,554,22.160913,2019-05-10 08:25:18 NO405,
390,2019-5-10,18:58:06,0,1557514686,1,982,548,22.159706,2019-05-10 08:25:18 NO405,
391,2019-5-10,18:58:06,250,1557514686,1,1018,550,22.160913,2019-05-10 08:25:18 NO405,
392,2019-5-10,18:58:06,500,1557514687,1,1019,552,22.159706,2019-05-10 08:25:18 NO405,
393,2019-5-10,18:58:06,750,1557514687,1,1020,557,22.158497,2019-05-10 08:25:18 NO405,
394,2019-5-10,18:58:07,0,1557514687,1,1009,558,22.15729,2019-05-10 08:25:18 NO405,
395,2019-5-10,18:58:07,250,1557514687,1,1025,562,22.15729,2019-05-10 08:25:18 NO405,
396,2019-5-10,18:58:07,500,1557514688,1,1013,564,22.160913,2019-05-10 08:25:18 NO405,
397,2019-5-10,18:58:07,750,1557514688,1,1017,563,22.160913,2019-05-10 08:25:18 NO405,
398,2019-5-10,18:58:08,0,1557514688,1,1007,560,22.162121,2019-05-10 08:25:18 NO405,
399,2019-5-10,18:58:08,250,1557514688,1,1020,560,22.159706,2019-05-10 08:25:18 NO405,
400,2019-5-10,18:58:08,500,1557514689,1,989,554,22.159706,2019-05-10 08:25:18 NO405,
401,2019-5-10,18:58:08,750,1557514689,1,985,546,22.162121,2019-05-10 08:25:18 NO405,
402,2019-5-10,18:58:09,0,1557514689,1,1018,553,22.159706,2019-05-10 08:25:18 NO405,
403,2019-5-10,18:58:09,250,1557514689,1,1040,570,22.158497,2019-05-10 08:25:18 NO405,
404,2019-5-10,18:58:09,500,1557514690,1,1050,586,22.153666,2019-05-10 08:25:18 NO405,
405,2019-5-10,18:58:09,750,1557514690,1,1072,592,22.156082,2019-05-10 08:25:18 NO405,
533,2019-5-10,18:58:41,750,1557514722,1,904,582,22.319118,2019-05-10 08:25:18 NO406,
534,2019-5-10,18:58:42,0,1557514722,1,927,689,22.258736,2019-05-10 08:25:18 NO406,
535,2019-5-10,18:58:42,250,1557514722,1,940,589,22.197144,2019-05-10 08:25:18 NO406,
536,2019-5-10,18:58:42,500,1557514723,1,1074,574,22.154873,2019-05-10 08:25:18 NO406,
537,2019-5-10,18:58:42,750,1557514723,1,1095,606,22.154873,2019-05-10 08:25:18 NO406,
538,2019-5-10,18:58:43,0,1557514723,1,1089,609,22.15729,2019-05-10 08:25:18 NO406,
539,2019-5-10,18:58:43,250,1557514723,1,1083,607,22.160913,2019-05-10 08:25:18 NO406,
540,2019-5-10,18:58:43,500,1557514724,1,1093,607,22.160913,2019-05-10 08:25:18 NO406,
541,2019-5-10,18:58:43,750,1557514724,1,986,555,22.170574,2019-05-10 08:25:18 NO406,
542,2019-5-10,18:58:44,0,1557514724,1,1074,690,22.156082,2019-05-10 08:25:18 NO406,
543,2019-5-10,18:58:44,250,1557514724,1,1087,600,22.15729,2019-05-10 08:25:18 NO406,
544,2019-5-10,18:58:44,500,1557514725,1,1056,591,22.160913,2019-05-10 08:25:18 NO406,
545,2019-5-10,18:58:44,750,1557514725,1,1038,583,22.162121,2019-05-10 08:25:18 NO406,
546,2019-5-10,18:58:45,0,1557514725,1,1024,571,22.159706,2019-05-10 08:25:18 NO406,
547,2019-5-10,18:58:45,250,1557514725,1,1022,561,22.163328,2019-05-10 08:25:18 NO406,
548,2019-5-10,18:58:45,500,1557514726,1,1003,556,22.162121,2019-05-10 08:25:18 NO406,
549,2019-5-10,18:58:45,750,1557514726,1,1020,555,22.162121,2019-05-10 08:25:18 NO406,
550,2019-5-10,18:58:46,0,1557514726,1,1015,558,22.160913,2019-05-10 08:25:18 NO406,
551,2019-5-10,18:58:46,250,1557514726,1,1017,553,22.159706,2019-05-10 08:25:18 NO406,
552,2019-5-10,18:58:46,500,1557514727,1,1023,556,22.158497,2019-05-10 08:25:18 NO406,
553,2019-5-10,18:58:46,750,1557514727,1,998,550,22.160913,2019-05-10 08:25:18 NO406,
554,2019-5-10,18:58:47,0,1557514727,1,1008,548,22.162121,2019-05-10 08:25:18 NO406,
555,2019-5-10,18:58:47,250,1557514727,1,1028,547,22.160913,2019-05-10 08:25:18 NO406,
556,2019-5-10,18:58:47,500,1557514728,1,1014,548,22.158497,2019-05-10 08:25:18 NO406,
557,2019-5-10,18:58:47,750,1557514728,1,1003,549,22.158497,2019-05-10 08:25:18 NO406,
558,2019-5-10,18:58:48,0,1557514728,1,1017,550,22.159706,2019-05-10 08:25:18 NO406,
559,2019-5-10,18:58:48,250,1557514728,1,1003,552,22.160913,2019-05-10 08:25:18 NO406,
560,2019-5-10,18:58:48,500,1557514729,1,1009,552,22.160913,2019-05-10 08:25:18 NO406,
561,2019-5-10,18:58:48,750,1557514729,1,1003,552,22.159706,2019-05-10 08:25:18 NO406,
562,2019-5-10,18:58:49,0,1557514729,1,1003,553,22.159706,2019-05-10 08:25:18 NO406,
563,2019-5-10,18:58:49,250,1557514729,1,1003,552,22.159706,2019-05-10 08:25:18 NO406,
564,2019-5-10,18:58:49,500,1557514730,1,991,555,22.160913,2019-05-10 08:25:18 NO406,
565,2019-5-10,18:58:49,750,1557514730,1,1014,554,22.160913,2019-05-10 08:25:18 NO406,
566,2019-5-10,18:58:50,0,1557514730,1,1003,557,22.158497,2019-05-10 08:25:18 NO406,
567,2019-5-10,18:58:50,250,1557514730,1,1020,558,22.15729,2019-05-10 08:25:18 NO406,
568,2019-5-10,18:58:50,500,1557514731,1,1013,557,22.160913,2019-05-10 08:25:18 NO406,
569,2019-5-10,18:58:50,750,1557514731,1,1004,554,22.160913,2019-05-10 08:25:18 NO406,
570,2019-5-10,18:58:51,0,1557514731,1,1003,552,22.159706,2019-05-10 08:25:18 NO406,
571,2019-5-10,18:58:51,250,1557514731,1,1008,551,22.158497,2019-05-10 08:25:18 NO406,
572,2019-5-10,18:58:51,500,1557514732,1,990,549,22.159706,2019-05-10 08:25:18 NO406,
573,2019-5-10,18:58:51,750,1557514732,1,986,548,22.158497,2019-05-10 08:25:18 NO406,
574,2019-5-10,18:58:52,0,1557514732,1,995,549,22.159706,2019-05-10 08:25:18 NO406,
575,2019-5-10,18:58:52,250,1557514732,1,1003,549,22.159706,2019-05-10 08:25:18 NO406,
576,2019-5-10,18:58:52,500,1557514733,1,991,549,22.158497,2019-05-10 08:25:18 NO406,
577,2019-5-10,18:58:52,750,1557514733,1,993,548,22.15729,2019-05-10 08:25:18 NO406,
578,2019-5-10,18:58:53,0,1557514733,1,995,547,22.162121,2019-05-10 08:25:18 NO406,
579,2019-5-10,18:58:53,250,1557514733,1,992,547,22.162121,2019-05-10 08:25:18 NO406,
580,2019-5-10,18:58:53,500,1557514734,1,988,546,22.162121,2019-05-10 08:25:18 NO406,
581,2019-5-10,18:58:53,750,1557514734,1,999,546,22.158497,2019-05-10 08:25:18 NO406,
582,2019-5-10,18:58:54,0,1557514734,1,991,546,22.158497,2019-05-10 08:25:18 NO406,
583,2019-5-10,18:58:54,250,1557514734,1,1011,545,22.160913,2019-05-10 08:25:18 NO406,
584,2019-5-10,18:58:54,500,1557514735,1,995,545,22.160913,2019-05-10 08:25:18 NO406,
585,2019-5-10,18:58:54,750,1557514735,1,1006,544,22.160913,2019-05-10 08:25:18 NO406,
586,2019-5-10,18:58:55,0,1557514735,1,1002,545,22.15729,2019-05-10 08:25:18 NO406,
587,2019-5-10,18:58:55,250,1557514735,1,991,546,22.160913,2019-05-10 08:25:18 NO406,
588,2019-5-10,18:58:55,500,1557514736,1,999,546,22.159706,2019-05-10 08:25:18 NO406,
589,2019-5-10,18:58:55,750,1557514736,1,1004,546,22.159706,2019-05-10 08:25:18 NO406,
590,2019-5-10,18:58:56,0,1557514736,1,995,546,22.159706,2019-05-10 08:25:18 NO406,
591,2019-5-10,18:58:56,250,1557514736,1,1007,546,22.159706,2019-05-10 08:25:18 NO406,
592,2019-5-10,18:58:56,500,1557514737,1,1000,548,22.159706,2019-05-10 08:25:18 NO406,
593,2019-5-10,18:58:56,750,1557514737,1,1001,549,22.159706,2019-05-10 08:25:18 NO406,
594,2019-5-10,18:58:57,0,1557514737,1,1000,550,22.159706,2019-05-10 08:25:18 NO406,
595,2019-5-10,18:58:57,250,1557514737,1,1010,550,22.159706,2019-05-10 08:25:18 NO406,
596,2019-5-10,18:58:57,500,1557514738,1,1007,551,22.15729,2019-05-10 08:25:18 NO406,
597,2019-5-10,18:58:57,750,1557514738,1,999,552,22.156082,2019-05-10 08:25:18 NO406,
598,2019-5-10,18:58:58,0,1557514738,1,1010,553,22.158497,2019-05-10 08:25:18 NO406,
599,2019-5-10,18:58:58,250,1557514738,1,1013,556,22.160913,2019-05-10 08:25:18 NO406,
600,2019-5-10,18:58:58,500,1557514739,1,1023,557,22.159706,2019-05-10 08:25:18 NO406,
601,2019-5-10,18:58:58,750,1557514739,1,1011,559,22.159706,2019-05-10 08:25:18 NO406,
602,2019-5-10,18:58:59,0,1557514739,1,1029,560,22.159706,2019-05-10 08:25:18 NO406,
603,2019-5-10,18:58:59,250,1557514739,1,1011,559,22.160913,2019-05-10 08:25:18 NO406,
604,2019-5-10,18:58:59,500,1557514740,1,1019,557,22.160913,2019-05-10 08:25:18 NO406,
605,2019-5-10,18:58:59,750,1557514740,1,1017,551,22.162121,2019-05-10 08:25:18 NO406,
606,2019-5-10,18:59:00,0,1557514740,1,1008,551,22.15729,2019-05-10 08:25:18 NO406,
607,2019-5-10,18:59:00,250,1557514740,1,1003,547,22.159706,2019-05-10 08:25:18 NO406,
608,2019-5-10,18:59:00,500,1557514741,1,1011,544,22.159706,2019-05-10 08:25:18 NO406,
609,2019-5-10,18:59:00,750,1557514741,1,1004,545,22.160913,2019-05-10 08:25:18 NO406,
610,2019-5-10,18:59:01,0,1557514741,1,992,545,22.159706,2019-05-10 08:25:18 NO406,
611,2019-5-10,18:59:01,250,1557514741,1,1003,543,22.159706,2019-05-10 08:25:18 NO406,
612,2019-5-10,18:59:01,500,1557514742,1,996,546,22.156082,2019-05-10 08:25:18 NO406,
613,2019-5-10,18:59:01,750,1557514742,1,992,545,22.160913,2019-05-10 08:25:18 NO406,
614,2019-5-10,18:59:02,0,1557514742,1,990,544,22.160913,2019-05-10 08:25:18 NO406,
615,2019-5-10,18:59:02,250,1557514742,1,999,543,22.162121,2019-05-10 08:25:18 NO406,
616,2019-5-10,18:59:02,500,1557514743,1,989,543,22.159706,2019-05-10 08:25:18 NO406,
617,2019-5-10,18:59:02,750,1557514743,1,988,545,22.15729,2019-05-10 08:25:18 NO406,
618,2019-5-10,18:59:03,0,1557514743,1,988,545,22.158497,2019-05-10 08:25:18 NO406,
619,2019-5-10,18:59:03,250,1557514743,1,996,545,22.160913,2019-05-10 08:25:18 NO406,
620,2019-5-10,18:59:03,500,1557514744,1,991,545,22.159706,2019-05-10 08:25:18 NO406,
621,2019-5-10,18:59:03,750,1557514744,1,999,546,22.158497,2019-05-10 08:25:18 NO406,
622,2019-5-10,18:59:04,0,1557514744,1,1007,546,22.158497,2019-05-10 08:25:18 NO406,
623,2019-5-10,18:59:04,250,1557514744,1,1013,547,22.160913,2019-05-10 08:25:18 NO406,
624,2019-5-10,18:59:04,500,1557514745,1,1005,546,22.159706,2019-05-10 08:25:18 NO406,
625,2019-5-10,18:59:04,750,1557514745,1,992,547,22.162121,2019-05-10 08:25:18 NO406,
626,2019-5-10,18:59:05,0,1557514745,1,998,549,22.15729,2019-05-10 08:25:18 NO406,
627,2019-5-10,18:59:05,250,1557514745,1,1001,550,22.15729,2019-05-10 08:25:18 NO406,
628,2019-5-10,18:59:05,500,1557514746,1,1006,552,22.158497,2019-05-10 08:25:18 NO406,
629,2019-5-10,18:59:05,750,1557514746,1,1003,552,22.160913,2019-05-10 08:25:18 NO406,
630,2019-5-10,18:59:06,0,1557514746,1,1027,552,22.162121,2019-05-10 08:25:18 NO406,
631,2019-5-10,18:59:06,250,1557514746,1,1028,555,22.15729,2019-05-10 08:25:18 NO406,
632,2019-5-10,18:59:06,500,1557514747,1,1001,553,22.158497,2019-05-10 08:25:18 NO406,
633,2019-5-10,18:59:06,750,1557514747,1,988,551,22.158497,2019-05-10 08:25:18 NO406,
634,2019-5-10,18:59:07,0,1557514747,1,1008,550,22.160913,2019-05-10 08:25:18 NO406,
635,2019-5-10,18:59:07,250,1557514747,1,1003,550,22.159706,2019-05-10 08:25:18 NO406,
636,2019-5-10,18:59:07,500,1557514748,1,1006,549,22.158497,2019-05-10 08:25:18 NO406,
637,2019-5-10,18:59:07,750,1557514748,1,999,548,22.158497,2019-05-10 08:25:18 NO406,
638,2019-5-10,18:59:08,0,1557514748,1,1007,548,22.160913,2019-05-10 08:25:18 NO406,
639,2019-5-10,18:59:08,250,1557514748,1,996,547,22.160913,2019-05-10 08:25:18 NO406,
640,2019-5-10,18:59:08,500,1557514749,1,991,549,22.160913,2019-05-10 08:25:18 NO406,
641,2019-5-10,18:59:08,750,1557514749,1,982,549,22.15729,2019-05-10 08:25:18 NO406,
642,2019-5-10,18:59:09,0,1557514749,1,986,547,22.158497,2019-05-10 08:25:18 NO406,
643,2019-5-10,18:59:09,250,1557514749,1,994,547,22.15729,2019-05-10 08:25:18 NO406,
644,2019-5-10,18:59:09,500,1557514750,1,992,547,22.160913,2019-05-10 08:25:18 NO406,
645,2019-5-10,18:59:09,750,1557514750,1,991,546,22.160913,2019-05-10 08:25:18 NO406,
646,2019-5-10,18:59:10,0,1557514750,1,1005,548,22.158497,2019-05-10 08:25:18 NO406,
647,2019-5-10,18:59:10,250,1557514750,1,992,547,22.159706,2019-05-10 08:25:18 NO406,
648,2019-5-10,18:59:10,500,1557514751,1,992,547,22.159706,2019-05-10 08:25:18 NO406,
649,2019-5-10,18:59:10,750,1557514751,1,991,546,22.159706,2019-05-10 08:25:18 NO406,
650,2019-5-10,18:59:11,0,1557514751,1,1008,549,22.159706,2019-05-10 08:25:18 NO406,
651,2019-5-10,18:59:11,250,1557514751,1,1003,549,22.158497,2019-05-10 08:25:18 NO406,
652,2019-5-10,18:59:11,500,1557514752,1,1009,551,22.158497,2019-05-10 08:25:18 NO406,
653,2019-5-10,18:59:11,750,1557514752,1,1023,552,22.160913,2019-05-10 08:25:18 NO406,
654,2019-5-10,18:59:12,0,1557514752,1,1018,553,22.163328,2019-05-10 08:25:18 NO406,
655,2019-5-10,18:59:12,250,1557514752,1,1025,556,22.159706,2019-05-10 08:25:18 NO406,
656,2019-5-10,18:59:12,500,1557514753,1,1020,560,22.158497,2019-05-10 08:25:18 NO406,
657,2019-5-10,18:59:12,750,1557514753,1,1016,561,22.156082,2019-05-10 08:25:18 NO406,
658,2019-5-10,18:59:13,0,1557514753,1,1022,559,22.159706,2019-05-10 08:25:18 NO406,
659,2019-5-10,18:59:13,250,1557514753,1,1023,559,22.160913,2019-05-10 08:25:18 NO406,
660,2019-5-10,18:59:13,500,1557514754,1,1025,559,22.162121,2019-05-10 08:25:18 NO406,
661,2019-5-10,18:59:13,750,1557514754,1,1011,556,22.160913,2019-05-10 08:25:18 NO406,
662,2019-5-10,18:59:14,0,1557514754,1,1002,552,22.158497,2019-05-10 08:25:18 NO406,
663,2019-5-10,18:59:14,250,1557514754,1,1014,553,22.159706,2019-05-10 08:25:18 NO406,
664,2019-5-10,18:59:14,500,1557514755,1,1019,551,22.160913,2019-05-10 08:25:18 NO406,
665,2019-5-10,18:59:14,750,1557514755,1,1005,549,22.162121,2019-05-10 08:25:18 NO406,
666,2019-5-10,18:59:15,0,1557514755,1,1003,549,22.156082,2019-05-10 08:25:18 NO406,
667,2019-5-10,18:59:15,250,1557514755,1,1004,549,22.158497,2019-05-10 08:25:18 NO406,
668,2019-5-10,18:59:15,500,1557514756,1,990,549,22.158497,2019-05-10 08:25:18 NO406,
669,2019-5-10,18:59:15,750,1557514756,1,1000,548,22.158497,2019-05-10 08:25:18 NO406,
670,2019-5-10,18:59:16,0,1557514756,1,1009,548,22.160913,2019-05-10 08:25:18 NO406,
671,2019-5-10,18:59:16,250,1557514756,1,1011,549,22.159706,2019-05-10 08:25:18 NO406,
672,2019-5-10,18:59:16,500,1557514757,1,1004,549,22.15729,2019-05-10 08:25:18 NO406,
673,2019-5-10,18:59:16,750,1557514757,1,1015,549,22.158497,2019-05-10 08:25:18 NO406,
674,2019-5-10,18:59:17,0,1557514757,1,1005,550,22.158497,2019-05-10 08:25:18 NO406,
675,2019-5-10,18:59:17,250,1557514757,1,1006,551,22.162121,2019-05-10 08:25:18 NO406,
676,2019-5-10,18:59:17,500,1557514758,1,1000,552,22.159706,2019-05-10 08:25:18 NO406,
677,2019-5-10,18:59:17,750,1557514758,1,1004,552,22.158497,2019-05-10 08:25:18 NO406,
678,2019-5-10,18:59:18,0,1557514758,1,999,551,22.160913,2019-05-10 08:25:18 NO406,
679,2019-5-10,18:59:18,250,1557514758,1,1008,553,22.159706,2019-05-10 08:25:18 NO406,
680,2019-5-10,18:59:18,500,1557514759,1,1037,557,22.159706,2019-05-10 08:25:18 NO406,
681,2019-5-10,18:59:18,750,1557514759,1,1017,559,22.160913,2019-05-10 08:25:18 NO406,
682,2019-5-10,18:59:19,0,1557514759,1,1019,558,22.15729,2019-05-10 08:25:18 NO406,
683,2019-5-10,18:59:19,250,1557514759,1,1008,558,22.159706,2019-05-10 08:25:18 NO406,
684,2019-5-10,18:59:19,500,1557514760,1,1024,560,22.159706,2019-05-10 08:25:18 NO406,
685,2019-5-10,18:59:19,750,1557514760,1,1015,561,22.160913,2019-05-10 08:25:18 NO406,
686,2019-5-10,18:59:20,0,1557514760,1,1021,561,22.15729,2019-05-10 08:25:18 NO406,
687,2019-5-10,18:59:20,250,1557514760,1,1026,560,22.158497,2019-05-10 08:25:18 NO406,
688,2019-5-10,18:59:20,500,1557514761,1,1006,559,22.158497,2019-05-10 08:25:18 NO406,
689,2019-5-10,18:59:20,750,1557514761,1,1022,557,22.160913,2019-05-10 08:25:18 NO406,
690,2019-5-10,18:59:21,0,1557514761,1,1020,557,22.159706,2019-05-10 08:25:18 NO406,
691,2019-5-10,18:59:21,250,1557514761,1,996,557,22.158497,2019-05-10 08:25:18 NO406,
692,2019-5-10,18:59:21,500,1557514762,1,1002,556,22.15729,2019-05-10 08:25:18 NO406,
693,2019-5-10,18:59:21,750,1557514762,1,1009,556,22.158497,2019-05-10 08:25:18 NO406,
694,2019-5-10,18:59:22,0,1557514762,1,1003,557,22.160913,2019-05-10 08:25:18 NO406,
695,2019-5-10,18:59:22,250,1557514762,1,1008,557,22.160913,2019-05-10 08:25:18 NO406,
696,2019-5-10,18:59:22,500,1557514763,1,1028,556,22.160913,2019-05-10 08:25:18 NO406,
697,2019-5-10,18:59:22,750,1557514763,1,1006,556,22.15729,2019-05-10 08:25:18 NO406,
698,2019-5-10,18:59:23,0,1557514763,1,1006,556,22.160913,2019-05-10 08:25:18 NO406,
699,2019-5-10,18:59:23,250,1557514763,1,1022,556,22.160913,2019-05-10 08:25:18 NO406,
700,2019-5-10,18:59:23,500,1557514764,1,1002,554,22.160913,2019-05-10 08:25:18 NO406,
701,2019-5-10,18:59:23,750,1557514764,1,1012,556,22.160913,2019-05-10 08:25:18 NO406,
702,2019-5-10,18:59:24,0,1557514764,1,1019,556,22.158497,2019-05-10 08:25:18 NO406,
703,2019-5-10,18:59:24,250,1557514764,1,1012,556,22.159706,2019-05-10 08:25:18 NO406,
704,2019-5-10,18:59:24,500,1557514765,1,1016,559,22.160913,2019-05-10 08:25:18 NO406,
705,2019-5-10,18:59:24,750,1557514765,1,1039,561,22.160913,2019-05-10 08:25:18 NO406,
706,2019-5-10,18:59:25,0,1557514765,1,1015,560,22.160913,2019-05-10 08:25:18 NO406,
707,2019-5-10,18:59:25,250,1557514765,1,1019,560,22.158497,2019-05-10 08:25:18 NO406,
708,2019-5-10,18:59:25,500,1557514766,1,1009,558,22.159706,2019-05-10 08:25:18 NO406,
709,2019-5-10,18:59:25,750,1557514766,1,1007,559,22.159706,2019-05-10 08:25:18 NO406,
710,2019-5-10,18:59:26,0,1557514766,1,1021,560,22.162121,2019-05-10 08:25:18 NO406,
711,2019-5-10,18:59:26,250,1557514766,1,1027,563,22.159706,2019-05-10 08:25:18 NO406,
712,2019-5-10,18:59:26,500,1557514767,1,1032,566,22.159706,2019-05-10 08:25:18 NO406,
713,2019-5-10,18:59:26,750,1557514767,1,1011,567,22.159706,2019-05-10 08:25:18 NO406,
714,2019-5-10,18:59:27,0,1557514767,1,1025,568,22.160913,2019-05-10 08:25:18 NO406,
715,2019-5-10,18:59:27,250,1557514767,1,1042,568,22.160913,2019-05-10 08:25:18 NO406,
716,2019-5-10,18:59:27,500,1557514768,1,1017,566,22.160913,2019-05-10 08:25:18 NO406,
717,2019-5-10,18:59:27,750,1557514768,1,999,561,22.158497,2019-05-10 08:25:18 NO406,
718,2019-5-10,18:59:28,0,1557514768,1,1003,558,22.159706,2019-05-10 08:25:18 NO406,
719,2019-5-10,18:59:28,250,1557514768,1,1009,554,22.158497,2019-05-10 08:25:18 NO406,
720,2019-5-10,18:59:28,500,1557514769,1,999,554,22.162121,2019-05-10 08:25:18 NO406,
721,2019-5-10,18:59:28,750,1557514769,1,1009,553,22.160913,2019-05-10 08:25:18 NO406,
722,2019-5-10,18:59:29,0,1557514769,1,1009,552,22.158497,2019-05-10 08:25:18 NO406,
723,2019-5-10,18:59:29,250,1557514769,1,997,552,22.158497,2019-05-10 08:25:18 NO406,
724,2019-5-10,18:59:29,500,1557514770,1,1000,552,22.160913,2019-05-10 08:25:18 NO406,
725,2019-5-10,18:59:29,750,1557514770,1,1000,550,22.159706,2019-05-10 08:25:18 NO406,
726,2019-5-10,18:59:30,0,1557514770,1,1001,549,22.160913,2019-05-10 08:25:18 NO406,
727,2019-5-10,18:59:30,250,1557514770,1,1016,549,22.158497,2019-05-10 08:25:18 NO406,
728,2019-5-10,18:59:30,500,1557514771,1,1018,549,22.158497,2019-05-10 08:25:18 NO406,
729,2019-5-10,18:59:30,750,1557514771,1,999,548,22.163328,2019-05-10 08:25:18 NO406,
730,2019-5-10,18:59:31,0,1557514771,1,1004,548,22.160913,2019-05-10 08:25:18 NO406,
731,2019-5-10,18:59:31,250,1557514771,1,1022,549,22.159706,2019-05-10 08:25:18 NO406,
732,2019-5-10,18:59:31,500,1557514772,1,1007,550,22.15729,2019-05-10 08:25:18 NO406,
733,2019-5-10,18:59:31,750,1557514772,1,1010,549,22.159706,2019-05-10 08:25:18 NO406,
734,2019-5-10,18:59:32,0,1557514772,1,1014,551,22.160913,2019-05-10 08:25:18 NO406,
735,2019-5-10,18:59:32,250,1557514772,1,1010,553,22.160913,2019-05-10 08:25:18 NO406,
736,2019-5-10,18:59:32,500,1557514773,1,1014,554,22.160913,2019-05-10 08:25:18 NO406,
737,2019-5-10,18:59:32,750,1557514773,1,1016,551,22.160913,2019-05-10 08:25:18 NO406,
738,2019-5-10,18:59:33,0,1557514773,1,1009,552,22.159706,2019-05-10 08:25:18 NO406,
739,2019-5-10,18:59:33,250,1557514773,1,1005,552,22.160913,2019-05-10 08:25:18 NO406,
740,2019-5-10,18:59:33,500,1557514774,1,1015,555,22.159706,2019-05-10 08:25:18 NO406,
741,2019-5-10,18:59:33,750,1557514774,1,1007,558,22.162121,2019-05-10 08:25:18 NO406,
742,2019-5-10,18:59:34,0,1557514774,1,1031,561,22.154873,2019-05-10 08:25:18 NO406,
743,2019-5-10,18:59:34,250,1557514774,1,1023,562,22.159706,2019-05-10 08:25:18 NO406,
744,2019-5-10,18:59:34,500,1557514775,1,1026,563,22.158497,2019-05-10 08:25:18 NO406,
745,2019-5-10,18:59:34,750,1557514775,1,1017,562,22.160913,2019-05-10 08:25:18 NO406,
746,2019-5-10,18:59:35,0,1557514775,1,1017,561,22.159706,2019-05-10 08:25:18 NO406,
747,2019-5-10,18:59:35,250,1557514775,1,1004,556,22.159706,2019-05-10 08:25:18 NO406,
748,2019-5-10,18:59:35,500,1557514776,1,994,547,22.160913,2019-05-10 08:25:18 NO406,
749,2019-5-10,18:59:35,750,1557514776,1,1001,545,22.160913,2019-05-10 08:25:18 NO406,
750,2019-5-10,18:59:36,0,1557514776,1,1040,559,22.158497,2019-05-10 08:25:18 NO406,
751,2019-5-10,18:59:36,250,1557514776,1,1065,579,22.15729,2019-05-10 08:25:18 NO406,
752,2019-5-10,18:59:36,500,1557514777,1,1065,589,22.154873,2019-05-10 08:25:18 NO406,
753,2019-5-10,18:59:36,750,1557514777,1,953,359,22.156082,2019-05-10 08:25:18 NO406,
754,2019-5-10,18:59:37,0,1557514777,1,564,226,22.220089,2019-05-10 08:25:18 NO406,
879,2019-5-10,19:00:08,250,1557514808,1,921,564,22.374672,2019-05-10 08:25:18 NO407,
880,2019-5-10,19:00:08,500,1557514809,1,920,586,22.338442,2019-05-10 08:25:18 NO407,
881,2019-5-10,19:00:08,750,1557514809,1,918,582,22.282888,2019-05-10 08:25:18 NO407,
882,2019-5-10,19:00:09,0,1557514809,1,918,588,22.221296,2019-05-10 08:25:18 NO407,
883,2019-5-10,19:00:09,250,1557514809,1,1027,646,22.164537,2019-05-10 08:25:18 NO407,
884,2019-5-10,19:00:09,500,1557514810,1,1099,596,22.154873,2019-05-10 08:25:18 NO407,
885,2019-5-10,19:00:09,750,1557514810,1,1090,603,22.159706,2019-05-10 08:25:18 NO407,
886,2019-5-10,19:00:10,0,1557514810,1,1081,602,22.159706,2019-05-10 08:25:18 NO407,
887,2019-5-10,19:00:10,250,1557514810,1,1083,602,22.162121,2019-05-10 08:25:18 NO407,
888,2019-5-10,19:00:10,500,1557514811,1,1004,573,22.168159,2019-05-10 08:25:18 NO407,
889,2019-5-10,19:00:10,750,1557514811,1,1043,555,22.160913,2019-05-10 08:25:18 NO407,
890,2019-5-10,19:00:11,0,1557514811,1,1078,595,22.156082,2019-05-10 08:25:18 NO407,
891,2019-5-10,19:00:11,250,1557514811,1,1061,595,22.158497,2019-05-10 08:25:18 NO407,
892,2019-5-10,19:00:11,500,1557514812,1,1041,581,22.160913,2019-05-10 08:25:18 NO407,
893,2019-5-10,19:00:11,750,1557514812,1,1017,573,22.160913,2019-05-10 08:25:18 NO407,
894,2019-5-10,19:00:12,0,1557514812,1,1015,562,22.159706,2019-05-10 08:25:18 NO407,
895,2019-5-10,19:00:12,250,1557514812,1,1004,556,22.163328,2019-05-10 08:25:18 NO407,
896,2019-5-10,19:00:12,500,1557514813,1,1017,557,22.159706,2019-05-10 08:25:18 NO407,
897,2019-5-10,19:00:12,750,1557514813,1,1031,559,22.159706,2019-05-10 08:25:18 NO407,
898,2019-5-10,19:00:13,0,1557514813,1,1010,558,22.15729,2019-05-10 08:25:18 NO407,
899,2019-5-10,19:00:13,250,1557514813,1,1003,557,22.159706,2019-05-10 08:25:18 NO407,
900,2019-5-10,19:00:13,500,1557514814,1,1001,554,22.159706,2019-05-10 08:25:18 NO407,
901,2019-5-10,19:00:13,750,1557514814,1,1013,549,22.160913,2019-05-10 08:25:18 NO407,
902,2019-5-10,19:00:14,0,1557514814,1,1000,549,22.160913,2019-05-10 08:25:18 NO407,
903,2019-5-10,19:00:14,250,1557514814,1,1022,552,22.158497,2019-05-10 08:25:18 NO407,
904,2019-5-10,19:00:14,500,1557514815,1,1009,551,22.156082,2019-05-10 08:25:18 NO407,
905,2019-5-10,19:00:14,750,1557514815,1,1000,553,22.158497,2019-05-10 08:25:18 NO407,
906,2019-5-10,19:00:15,0,1557514815,1,1002,554,22.159706,2019-05-10 08:25:18 NO407,
907,2019-5-10,19:00:15,250,1557514815,1,1011,554,22.160913,2019-05-10 08:25:18 NO407,
908,2019-5-10,19:00:15,500,1557514816,1,1000,556,22.159706,2019-05-10 08:25:18 NO407,
909,2019-5-10,19:00:15,750,1557514816,1,1009,555,22.158497,2019-05-10 08:25:18 NO407,
910,2019-5-10,19:00:16,0,1557514816,1,1017,554,22.159706,2019-05-10 08:25:18 NO407,
911,2019-5-10,19:00:16,250,1557514816,1,1011,555,22.160913,2019-05-10 08:25:18 NO407,
912,2019-5-10,19:00:16,500,1557514817,1,1005,557,22.160913,2019-05-10 08:25:18 NO407,
913,2019-5-10,19:00:16,750,1557514817,1,1020,556,22.158497,2019-05-10 08:25:18 NO407,
914,2019-5-10,19:00:17,0,1557514817,1,1018,557,22.158497,2019-05-10 08:25:18 NO407,
915,2019-5-10,19:00:17,250,1557514817,1,1000,555,22.159706,2019-05-10 08:25:18 NO407,
916,2019-5-10,19:00:17,500,1557514818,1,1014,554,22.162121,2019-05-10 08:25:18 NO407,
917,2019-5-10,19:00:17,750,1557514818,1,1020,552,22.160913,2019-05-10 08:25:18 NO407,
918,2019-5-10,19:00:18,0,1557514818,1,1000,552,22.159706,2019-05-10 08:25:18 NO407,
919,2019-5-10,19:00:18,250,1557514818,1,1011,550,22.158497,2019-05-10 08:25:18 NO407,
920,2019-5-10,19:00:18,500,1557514819,1,1005,548,22.158497,2019-05-10 08:25:18 NO407,
921,2019-5-10,19:00:18,750,1557514819,1,1008,548,22.160913,2019-05-10 08:25:18 NO407,
922,2019-5-10,19:00:19,0,1557514819,1,1014,548,22.160913,2019-05-10 08:25:18 NO407,
923,2019-5-10,19:00:19,250,1557514819,1,993,548,22.160913,2019-05-10 08:25:18 NO407,
924,2019-5-10,19:00:19,500,1557514820,1,1006,548,22.158497,2019-05-10 08:25:18 NO407,
925,2019-5-10,19:00:19,750,1557514820,1,998,546,22.159706,2019-05-10 08:25:18 NO407,
926,2019-5-10,19:00:20,0,1557514820,1,1006,546,22.160913,2019-05-10 08:25:18 NO407,
927,2019-5-10,19:00:20,250,1557514820,1,1005,546,22.160913,2019-05-10 08:25:18 NO407,
928,2019-5-10,19:00:20,500,1557514821,1,998,546,22.160913,2019-05-10 08:25:18 NO407,
929,2019-5-10,19:00:20,750,1557514821,1,1004,547,22.15729,2019-05-10 08:25:18 NO407,
930,2019-5-10,19:00:21,0,1557514821,1,1011,547,22.160913,2019-05-10 08:25:18 NO407,
931,2019-5-10,19:00:21,250,1557514821,1,996,547,22.159706,2019-05-10 08:25:18 NO407,
932,2019-5-10,19:00:21,500,1557514822,1,1004,549,22.160913,2019-05-10 08:25:18 NO407,
933,2019-5-10,19:00:21,750,1557514822,1,1014,551,22.158497,2019-05-10 08:25:18 NO407,
934,2019-5-10,19:00:22,0,1557514822,1,987,549,22.158497,2019-05-10 08:25:18 NO407,
935,2019-5-10,19:00:22,250,1557514822,1,1003,547,22.159706,2019-05-10 08:25:18 NO407,
936,2019-5-10,19:00:22,500,1557514823,1,1011,549,22.160913,2019-05-10 08:25:18 NO407,
937,2019-5-10,19:00:22,750,1557514823,1,1006,549,22.160913,2019-05-10 08:25:18 NO407,
938,2019-5-10,19:00:23,0,1557514823,1,1003,549,22.160913,2019-05-10 08:25:18 NO407,
939,2019-5-10,19:00:23,250,1557514823,1,1013,548,22.158497,2019-05-10 08:25:18 NO407,
940,2019-5-10,19:00:23,500,1557514824,1,1000,549,22.159706,2019-05-10 08:25:18 NO407,
941,2019-5-10,19:00:23,750,1557514824,1,1002,548,22.160913,2019-05-10 08:25:18 NO407,
942,2019-5-10,19:00:24,0,1557514824,1,1011,551,22.160913,2019-05-10 08:25:18 NO407,
943,2019-5-10,19:00:24,250,1557514824,1,999,550,22.159706,2019-05-10 08:25:18 NO407,
944,2019-5-10,19:00:24,500,1557514825,1,995,549,22.15729,2019-05-10 08:25:18 NO407,
945,2019-5-10,19:00:24,750,1557514825,1,1003,551,22.160913,2019-05-10 08:25:18 NO407,
946,2019-5-10,19:00:25,0,1557514825,1,1008,552,22.162121,2019-05-10 08:25:18 NO407,
947,2019-5-10,19:00:25,250,1557514825,1,1022,555,22.160913,2019-05-10 08:25:18 NO407,
948,2019-5-10,19:00:25,500,1557514826,1,1005,558,22.159706,2019-05-10 08:25:18 NO407,
949,2019-5-10,19:00:25,750,1557514826,1,1020,557,22.158497,2019-05-10 08:25:18 NO407,
950,2019-5-10,19:00:26,0,1557514826,1,1020,558,22.158497,2019-05-10 08:25:18 NO407,
951,2019-5-10,19:00:26,250,1557514826,1,1007,556,22.159706,2019-05-10 08:25:18 NO407,
952,2019-5-10,19:00:26,500,1557514827,1,1001,553,22.160913,2019-05-10 08:25:18 NO407,
953,2019-5-10,19:00:26,750,1557514827,1,1009,551,22.159706,2019-05-10 08:25:18 NO407,
954,2019-5-10,19:00:27,0,1557514827,1,1014,549,22.158497,2019-05-10 08:25:18 NO407,
955,2019-5-10,19:00:27,250,1557514827,1,1011,547,22.159706,2019-05-10 08:25:18 NO407,
956,2019-5-10,19:00:27,500,1557514828,1,1013,549,22.159706,2019-05-10 08:25:18 NO407,
957,2019-5-10,19:00:27,750,1557514828,1,1015,549,22.162121,2019-05-10 08:25:18 NO407,
958,2019-5-10,19:00:28,0,1557514828,1,1011,549,22.159706,2019-05-10 08:25:18 NO407,
959,2019-5-10,19:00:28,250,1557514828,1,1023,549,22.159706,2019-05-10 08:25:18 NO407,
960,2019-5-10,19:00:28,500,1557514829,1,1010,549,22.15729,2019-05-10 08:25:18 NO407,
961,2019-5-10,19:00:28,750,1557514829,1,997,550,22.158497,2019-05-10 08:25:18 NO407,
962,2019-5-10,19:00:29,0,1557514829,1,1000,549,22.160913,2019-05-10 08:25:18 NO407,
963,2019-5-10,19:00:29,250,1557514829,1,1005,546,22.162121,2019-05-10 08:25:18 NO407,
964,2019-5-10,19:00:29,500,1557514830,1,1007,548,22.15729,2019-05-10 08:25:18 NO407,
965,2019-5-10,19:00:29,750,1557514830,1,1003,548,22.158497,2019-05-10 08:25:18 NO407,
966,2019-5-10,19:00:30,0,1557514830,1,995,548,22.159706,2019-05-10 08:25:18 NO407,
967,2019-5-10,19:00:30,250,1557514830,1,994,549,22.162121,2019-05-10 08:25:18 NO407,
968,2019-5-10,19:00:30,500,1557514831,1,991,549,22.15729,2019-05-10 08:25:18 NO407,
969,2019-5-10,19:00:30,750,1557514831,1,995,549,22.158497,2019-05-10 08:25:18 NO407,
970,2019-5-10,19:00:31,0,1557514831,1,1002,549,22.158497,2019-05-10 08:25:18 NO407,
971,2019-5-10,19:00:31,250,1557514831,1,992,547,22.160913,2019-05-10 08:25:18 NO407,
972,2019-5-10,19:00:31,500,1557514832,1,1000,549,22.159706,2019-05-10 08:25:18 NO407,
973,2019-5-10,19:00:31,750,1557514832,1,1003,549,22.162121,2019-05-10 08:25:18 NO407,
974,2019-5-10,19:00:32,0,1557514832,1,986,548,22.156082,2019-05-10 08:25:18 NO407,
975,2019-5-10,19:00:32,250,1557514832,1,993,549,22.159706,2019-05-10 08:25:18 NO407,
976,2019-5-10,19:00:32,500,1557514833,1,1005,549,22.159706,2019-05-10 08:25:18 NO407,
977,2019-5-10,19:00:32,750,1557514833,1,1007,550,22.160913,2019-05-10 08:25:18 NO407,
978,2019-5-10,19:00:33,0,1557514833,1,1019,553,22.159706,2019-05-10 08:25:18 NO407,
979,2019-5-10,19:00:33,250,1557514833,1,1008,554,22.15729,2019-05-10 08:25:18 NO407,
980,2019-5-10,19:00:33,500,1557514834,1,1010,552,22.158497,2019-05-10 08:25:18 NO407,
981,2019-5-10,19:00:33,750,1557514834,1,1005,552,22.160913,2019-05-10 08:25:18 NO407,
982,2019-5-10,19:00:34,0,1557514834,1,1015,551,22.160913,2019-05-10 08:25:18 NO407,
983,2019-5-10,19:00:34,250,1557514834,1,1000,550,22.160913,2019-05-10 08:25:18 NO407,
984,2019-5-10,19:00:34,500,1557514835,1,1017,549,22.158497,2019-05-10 08:25:18 NO407,
985,2019-5-10,19:00:34,750,1557514835,1,1002,547,22.159706,2019-05-10 08:25:18 NO407,
986,2019-5-10,19:00:35,0,1557514835,1,1006,547,22.160913,2019-05-10 08:25:18 NO407,
987,2019-5-10,19:00:35,250,1557514835,1,991,548,22.160913,2019-05-10 08:25:18 NO407,
988,2019-5-10,19:00:35,500,1557514836,1,1006,548,22.158497,2019-05-10 08:25:18 NO407,
989,2019-5-10,19:00:35,750,1557514836,1,1001,548,22.158497,2019-05-10 08:25:18 NO407,
990,2019-5-10,19:00:36,0,1557514836,1,1008,548,22.159706,2019-05-10 08:25:18 NO407,
991,2019-5-10,19:00:36,250,1557514836,1,1007,548,22.160913,2019-05-10 08:25:18 NO407,
992,2019-5-10,19:00:36,500,1557514837,1,1003,547,22.160913,2019-05-10 08:25:18 NO407,
993,2019-5-10,19:00:36,750,1557514837,1,1003,548,22.158497,2019-05-10 08:25:18 NO407,
994,2019-5-10,19:00:37,0,1557514837,1,984,548,22.158497,2019-05-10 08:25:18 NO407,
995,2019-5-10,19:00:37,250,1557514837,1,993,547,22.158497,2019-05-10 08:25:18 NO407,
996,2019-5-10,19:00:37,500,1557514838,1,983,547,22.160913,2019-05-10 08:25:18 NO407,
997,2019-5-10,19:00:37,750,1557514838,1,1009,547,22.160913,2019-05-10 08:25:18 NO407,
998,2019-5-10,19:00:38,0,1557514838,1,998,547,22.160913,2019-05-10 08:25:18 NO407,
999,2019-5-10,19:00:38,250,1557514838,1,1013,549,22.15729,2019-05-10 08:25:18 NO407,
1000,2019-5-10,19:00:38,500,1557514839,1,999,550,22.15729,2019-05-10 08:25:18 NO407,
1001,2019-5-10,19:00:38,750,1557514839,1,1009,550,22.160913,2019-05-10 08:25:18 NO407,
1002,2019-5-10,19:00:39,0,1557514839,1,982,551,22.160913,2019-05-10 08:25:18 NO407,
1003,2019-5-10,19:00:39,250,1557514839,1,997,552,22.159706,2019-05-10 08:25:18 NO407,
1004,2019-5-10,19:00:39,500,1557514840,1,1035,556,22.15729,2019-05-10 08:25:18 NO407,
1005,2019-5-10,19:00:39,750,1557514840,1,1025,558,22.158497,2019-05-10 08:25:18 NO407,
1006,2019-5-10,19:00:40,0,1557514840,1,1025,556,22.160913,2019-05-10 08:25:18 NO407,
1007,2019-5-10,19:00:40,250,1557514840,1,1015,556,22.158497,2019-05-10 08:25:18 NO407,
1008,2019-5-10,19:00:40,500,1557514841,1,1018,553,22.160913,2019-05-10 08:25:18 NO407,
1009,2019-5-10,19:00:40,750,1557514841,1,998,552,22.158497,2019-05-10 08:25:18 NO407,
1010,2019-5-10,19:00:41,0,1557514841,1,1009,550,22.159706,2019-05-10 08:25:18 NO407,
1011,2019-5-10,19:00:41,250,1557514841,1,1018,551,22.159706,2019-05-10 08:25:18 NO407,
1012,2019-5-10,19:00:41,500,1557514842,1,1023,552,22.162121,2019-05-10 08:25:18 NO407,
1013,2019-5-10,19:00:41,750,1557514842,1,1006,551,22.159706,2019-05-10 08:25:18 NO407,
1014,2019-5-10,19:00:42,0,1557514842,1,1016,552,22.15729,2019-05-10 08:25:18 NO407,
1015,2019-5-10,19:00:42,250,1557514842,1,1015,550,22.158497,2019-05-10 08:25:18 NO407,
1016,2019-5-10,19:00:42,500,1557514843,1,1010,551,22.160913,2019-05-10 08:25:18 NO407,
1017,2019-5-10,19:00:42,750,1557514843,1,1024,551,22.159706,2019-05-10 08:25:18 NO407,
1018,2019-5-10,19:00:43,0,1557514843,1,1003,553,22.160913,2019-05-10 08:25:18 NO407,
1019,2019-5-10,19:00:43,250,1557514843,1,1006,554,22.15729,2019-05-10 08:25:18 NO407,
1020,2019-5-10,19:00:43,500,1557514844,1,1010,555,22.159706,2019-05-10 08:25:18 NO407,
1021,2019-5-10,19:00:43,750,1557514844,1,1000,554,22.159706,2019-05-10 08:25:18 NO407,
1022,2019-5-10,19:00:44,0,1557514844,1,1017,555,22.160913,2019-05-10 08:25:18 NO407,
1023,2019-5-10,19:00:44,250,1557514844,1,1024,556,22.159706,2019-05-10 08:25:18 NO407,
1024,2019-5-10,19:00:44,500,1557514845,1,1028,555,22.158497,2019-05-10 08:25:18 NO407,
1025,2019-5-10,19:00:44,750,1557514845,1,1015,554,22.159706,2019-05-10 08:25:18 NO407,
1026,2019-5-10,19:00:45,0,1557514845,1,998,554,22.159706,2019-05-10 08:25:18 NO407,
1027,2019-5-10,19:00:45,250,1557514845,1,1009,555,22.160913,2019-05-10 08:25:18 NO407,
1028,2019-5-10,19:00:45,500,1557514846,1,999,557,22.160913,2019-05-10 08:25:18 NO407,
1029,2019-5-10,19:00:45,750,1557514846,1,1021,556,22.159706,2019-05-10 08:25:18 NO407,
1030,2019-5-10,19:00:46,0,1557514846,1,1015,554,22.159706,2019-05-10 08:25:18 NO407,
1031,2019-5-10,19:00:46,250,1557514846,1,1024,557,22.159706,2019-05-10 08:25:18 NO407,
1032,2019-5-10,19:00:46,500,1557514847,1,1018,556,22.160913,2019-05-10 08:25:18 NO407,
1033,2019-5-10,19:00:46,750,1557514847,1,1020,559,22.159706,2019-05-10 08:25:18 NO407,
1034,2019-5-10,19:00:47,0,1557514847,1,1013,560,22.156082,2019-05-10 08:25:18 NO407,
1035,2019-5-10,19:00:47,250,1557514847,1,1002,558,22.159706,2019-05-10 08:25:18 NO407,
1036,2019-5-10,19:00:47,500,1557514848,1,1012,557,22.159706,2019-05-10 08:25:18 NO407,
1037,2019-5-10,19:00:47,750,1557514848,1,1000,553,22.160913,2019-05-10 08:25:18 NO407,
1038,2019-5-10,19:00:48,0,1557514848,1,1005,554,22.159706,2019-05-10 08:25:18 NO407,
1039,2019-5-10,19:00:48,250,1557514848,1,1014,554,22.159706,2019-05-10 08:25:18 NO407,
1040,2019-5-10,19:00:48,500,1557514849,1,1003,555,22.158497,2019-05-10 08:25:18 NO407,
1041,2019-5-10,19:00:48,750,1557514849,1,1004,555,22.159706,2019-05-10 08:25:18 NO407,
1042,2019-5-10,19:00:49,0,1557514849,1,1006,555,22.159706,2019-05-10 08:25:18 NO407,
1043,2019-5-10,19:00:49,250,1557514849,1,999,555,22.160913,2019-05-10 08:25:18 NO407,
1044,2019-5-10,19:00:49,500,1557514850,1,1003,555,22.158497,2019-05-10 08:25:18 NO407,
1045,2019-5-10,19:00:49,750,1557514850,1,1019,557,22.158497,2019-05-10 08:25:18 NO407,
1046,2019-5-10,19:00:50,0,1557514850,1,1008,557,22.159706,2019-05-10 08:25:18 NO407,
1047,2019-5-10,19:00:50,250,1557514850,1,1001,556,22.160913,2019-05-10 08:25:18 NO407,
1048,2019-5-10,19:00:50,500,1557514851,1,1007,557,22.159706,2019-05-10 08:25:18 NO407,
1049,2019-5-10,19:00:50,750,1557514851,1,1006,557,22.160913,2019-05-10 08:25:18 NO407,
1050,2019-5-10,19:00:51,0,1557514851,1,1008,556,22.15729,2019-05-10 08:25:18 NO407,
1051,2019-5-10,19:00:51,250,1557514851,1,1021,558,22.160913,2019-05-10 08:25:18 NO407,
1052,2019-5-10,19:00:51,500,1557514852,1,1008,559,22.159706,2019-05-10 08:25:18 NO407,
1053,2019-5-10,19:00:51,750,1557514852,1,1009,559,22.162121,2019-05-10 08:25:18 NO407,
1054,2019-5-10,19:00:52,0,1557514852,1,1020,558,22.158497,2019-05-10 08:25:18 NO407,
1055,2019-5-10,19:00:52,250,1557514852,1,1012,560,22.158497,2019-05-10 08:25:18 NO407,
1056,2019-5-10,19:00:52,500,1557514853,1,1011,558,22.15729,2019-05-10 08:25:18 NO407,
1057,2019-5-10,19:00:52,750,1557514853,1,1024,559,22.160913,2019-05-10 08:25:18 NO407,
1058,2019-5-10,19:00:53,0,1557514853,1,1020,561,22.160913,2019-05-10 08:25:18 NO407,
1059,2019-5-10,19:00:53,250,1557514853,1,1013,562,22.158497,2019-05-10 08:25:18 NO407,
1060,2019-5-10,19:00:53,500,1557514854,1,1025,562,22.158497,2019-05-10 08:25:18 NO407,
1061,2019-5-10,19:00:53,750,1557514854,1,1009,562,22.159706,2019-05-10 08:25:18 NO407,
1062,2019-5-10,19:00:54,0,1557514854,1,1020,564,22.160913,2019-05-10 08:25:18 NO407,
1063,2019-5-10,19:00:54,250,1557514854,1,1018,562,22.159706,2019-05-10 08:25:18 NO407,
1064,2019-5-10,19:00:54,500,1557514855,1,1014,560,22.159706,2019-05-10 08:25:18 NO407,
1065,2019-5-10,19:00:54,750,1557514855,1,1003,555,22.160913,2019-05-10 08:25:18 NO407,
1066,2019-5-10,19:00:55,0,1557514855,1,1001,553,22.159706,2019-05-10 08:25:18 NO407,
1067,2019-5-10,19:00:55,250,1557514855,1,1013,551,22.163328,2019-05-10 08:25:18 NO407,
1068,2019-5-10,19:00:55,500,1557514856,1,1006,550,22.162121,2019-05-10 08:25:18 NO407,
1069,2019-5-10,19:00:55,750,1557514856,1,1018,551,22.160913,2019-05-10 08:25:18 NO407,
1070,2019-5-10,19:00:56,0,1557514856,1,1024,553,22.159706,2019-05-10 08:25:18 NO407,
1071,2019-5-10,19:00:56,250,1557514856,1,1004,553,22.158497,2019-05-10 08:25:18 NO407,
1072,2019-5-10,19:00:56,500,1557514857,1,995,551,22.162121,2019-05-10 08:25:18 NO407,
1073,2019-5-10,19:00:56,750,1557514857,1,1014,552,22.159706,2019-05-10 08:25:18 NO407,
1074,2019-5-10,19:00:57,0,1557514857,1,1004,551,22.160913,2019-05-10 08:25:18 NO407,
1075,2019-5-10,19:00:57,250,1557514857,1,1003,552,22.156082,2019-05-10 08:25:18 NO407,
1076,2019-5-10,19:00:57,500,1557514858,1,1025,551,22.159706,2019-05-10 08:25:18 NO407,
1077,2019-5-10,19:00:57,750,1557514858,1,1003,550,22.158497,2019-05-10 08:25:18 NO407,
1078,2019-5-10,19:00:58,0,1557514858,1,1010,550,22.160913,2019-05-10 08:25:18 NO407,
1079,2019-5-10,19:00:58,250,1557514858,1,1019,551,22.159706,2019-05-10 08:25:18 NO407,
1080,2019-5-10,19:00:58,500,1557514859,1,997,549,22.159706,2019-05-10 08:25:18 NO407,
1081,2019-5-10,19:00:58,750,1557514859,1,1003,549,22.159706,2019-05-10 08:25:18 NO407,
1082,2019-5-10,19:00:59,0,1557514859,1,1013,551,22.160913,2019-05-10 08:25:18 NO407,
1083,2019-5-10,19:00:59,250,1557514859,1,1001,552,22.159706,2019-05-10 08:25:18 NO407,
1084,2019-5-10,19:00:59,500,1557514860,1,1002,554,22.159706,2019-05-10 08:25:18 NO407,
1085,2019-5-10,19:00:59,750,1557514860,1,1011,550,22.15729,2019-05-10 08:25:18 NO407,
1086,2019-5-10,19:01:00,0,1557514860,1,998,550,22.162121,2019-05-10 08:25:18 NO407,
1087,2019-5-10,19:01:00,250,1557514860,1,1019,550,22.159706,2019-05-10 08:25:18 NO407,
1088,2019-5-10,19:01:00,500,1557514861,1,1004,550,22.163328,2019-05-10 08:25:18 NO407,
1089,2019-5-10,19:01:00,750,1557514861,1,1016,556,22.15729,2019-05-10 08:25:18 NO407,
1090,2019-5-10,19:01:01,0,1557514861,1,1006,558,22.15729,2019-05-10 08:25:18 NO407,
1091,2019-5-10,19:01:01,250,1557514861,1,1031,559,22.158497,2019-05-10 08:25:18 NO407,
1092,2019-5-10,19:01:01,500,1557514862,1,1024,559,22.158497,2019-05-10 08:25:18 NO407,
1093,2019-5-10,19:01:01,750,1557514862,1,1026,561,22.160913,2019-05-10 08:25:18 NO407,
1094,2019-5-10,19:01:02,0,1557514862,1,1001,557,22.158497,2019-05-10 08:25:18 NO407,
1095,2019-5-10,19:01:02,250,1557514862,1,1019,554,22.158497,2019-05-10 08:25:18 NO407,
1096,2019-5-10,19:01:02,500,1557514863,1,990,548,22.160913,2019-05-10 08:25:18 NO407,
1097,2019-5-10,19:01:02,750,1557514863,1,980,540,22.160913,2019-05-10 08:25:18 NO407,
1098,2019-5-10,19:01:03,0,1557514863,1,1019,550,22.159706,2019-05-10 08:25:18 NO407,
1099,2019-5-10,19:01:03,250,1557514863,1,1042,566,22.156082,2019-05-10 08:25:18 NO407,
1100,2019-5-10,19:01:03,500,1557514864,1,1044,585,22.154873,2019-05-10 08:25:18 NO407,
1101,2019-5-10,19:01:03,750,1557514864,1,1051,588,22.15729,2019-05-10 08:25:18 NO407,
1142,2019-5-10,19:01:14,0,1557514874,1,918,577,22.369843,2019-05-10 08:25:18 NO408,
1143,2019-5-10,19:01:14,250,1557514874,1,915,583,22.328779,2019-05-10 08:25:18 NO408,
1144,2019-5-10,19:01:14,500,1557514875,1,912,581,22.273228,2019-05-10 08:25:18 NO408,
1145,2019-5-10,19:01:14,750,1557514875,1,932,585,22.212843,2019-05-10 08:25:18 NO408,
1146,2019-5-10,19:01:15,0,1557514875,1,1059,665,22.15729,2019-05-10 08:25:18 NO408,
1147,2019-5-10,19:01:15,250,1557514875,1,1077,602,22.154873,2019-05-10 08:25:18 NO408,
1148,2019-5-10,19:01:15,500,1557514876,1,1084,605,22.158497,2019-05-10 08:25:18 NO408,
1149,2019-5-10,19:01:15,750,1557514876,1,1089,605,22.159706,2019-05-10 08:25:18 NO408,
1150,2019-5-10,19:01:16,0,1557514876,1,1076,606,22.160913,2019-05-10 08:25:18 NO408,
1151,2019-5-10,19:01:16,250,1557514876,1,962,547,22.170574,2019-05-10 08:25:18 NO408,
1152,2019-5-10,19:01:16,500,1557514877,1,1056,566,22.15729,2019-05-10 08:25:18 NO408,
1153,2019-5-10,19:01:16,750,1557514877,1,1065,596,22.156082,2019-05-10 08:25:18 NO408,
1154,2019-5-10,19:01:17,0,1557514877,1,1071,592,22.160913,2019-05-10 08:25:18 NO408,
1155,2019-5-10,19:01:17,250,1557514877,1,1049,581,22.162121,2019-05-10 08:25:18 NO408,
1156,2019-5-10,19:01:17,500,1557514878,1,1024,572,22.160913,2019-05-10 08:25:18 NO408,
1157,2019-5-10,19:01:17,750,1557514878,1,1021,563,22.162121,2019-05-10 08:25:18 NO408,
1158,2019-5-10,19:01:18,0,1557514878,1,1018,561,22.162121,2019-05-10 08:25:18 NO408,
1159,2019-5-10,19:01:18,250,1557514878,1,1030,562,22.159706,2019-05-10 08:25:18 NO408,
1160,2019-5-10,19:01:18,500,1557514879,1,1017,564,22.162121,2019-05-10 08:25:18 NO408,
1161,2019-5-10,19:01:18,750,1557514879,1,1009,557,22.158497,2019-05-10 08:25:18 NO408,
1162,2019-5-10,19:01:19,0,1557514879,1,1013,558,22.159706,2019-05-10 08:25:18 NO408,
1163,2019-5-10,19:01:19,250,1557514879,1,1013,556,22.159706,2019-05-10 08:25:18 NO408,
1164,2019-5-10,19:01:19,500,1557514880,1,1015,553,22.162121,2019-05-10 08:25:18 NO408,
1165,2019-5-10,19:01:19,750,1557514880,1,1000,551,22.159706,2019-05-10 08:25:18 NO408,
1166,2019-5-10,19:01:20,0,1557514880,1,998,551,22.158497,2019-05-10 08:25:18 NO408,
1167,2019-5-10,19:01:20,250,1557514880,1,1014,553,22.15729,2019-05-10 08:25:18 NO408,
1168,2019-5-10,19:01:20,500,1557514881,1,1007,554,22.159706,2019-05-10 08:25:18 NO408,
1169,2019-5-10,19:01:20,750,1557514881,1,1004,554,22.160913,2019-05-10 08:25:18 NO408,
1170,2019-5-10,19:01:21,0,1557514881,1,1003,554,22.160913,2019-05-10 08:25:18 NO408,
1171,2019-5-10,19:01:21,250,1557514881,1,1013,555,22.158497,2019-05-10 08:25:18 NO408,
1172,2019-5-10,19:01:21,500,1557514882,1,1002,555,22.159706,2019-05-10 08:25:18 NO408,
1173,2019-5-10,19:01:21,750,1557514882,1,1001,554,22.160913,2019-05-10 08:25:18 NO408,
1174,2019-5-10,19:01:22,0,1557514882,1,1015,554,22.162121,2019-05-10 08:25:18 NO408,
1175,2019-5-10,19:01:22,250,1557514882,1,1005,554,22.159706,2019-05-10 08:25:18 NO408,
1176,2019-5-10,19:01:22,500,1557514883,1,1005,555,22.158497,2019-05-10 08:25:18 NO408,
1177,2019-5-10,19:01:22,750,1557514883,1,1013,556,22.15729,2019-05-10 08:25:18 NO408,
1178,2019-5-10,19:01:23,0,1557514883,1,1019,556,22.158497,2019-05-10 08:25:18 NO408,
1179,2019-5-10,19:01:23,250,1557514883,1,1004,556,22.162121,2019-05-10 08:25:18 NO408,
1180,2019-5-10,19:01:23,500,1557514884,1,1013,554,22.15729,2019-05-10 08:25:18 NO408,
1181,2019-5-10,19:01:23,750,1557514884,1,999,553,22.159706,2019-05-10 08:25:18 NO408,
1182,2019-5-10,19:01:24,0,1557514884,1,996,552,22.158497,2019-05-10 08:25:18 NO408,
1183,2019-5-10,19:01:24,250,1557514884,1,1006,552,22.159706,2019-05-10 08:25:18 NO408,
1184,2019-5-10,19:01:24,500,1557514885,1,1015,552,22.160913,2019-05-10 08:25:18 NO408,
1185,2019-5-10,19:01:24,750,1557514885,1,1009,552,22.162121,2019-05-10 08:25:18 NO408,
1186,2019-5-10,19:01:25,0,1557514885,1,1019,552,22.15729,2019-05-10 08:25:18 NO408,
1187,2019-5-10,19:01:25,250,1557514885,1,1015,552,22.158497,2019-05-10 08:25:18 NO408,
1188,2019-5-10,19:01:25,500,1557514886,1,1006,550,22.162121,2019-05-10 08:25:18 NO408,
1189,2019-5-10,19:01:25,750,1557514886,1,1000,550,22.162121,2019-05-10 08:25:18 NO408,
1190,2019-5-10,19:01:26,0,1557514886,1,1017,550,22.158497,2019-05-10 08:25:18 NO408,
1191,2019-5-10,19:01:26,250,1557514886,1,996,550,22.159706,2019-05-10 08:25:18 NO408,
1192,2019-5-10,19:01:26,500,1557514887,1,1009,549,22.158497,2019-05-10 08:25:18 NO408,
1193,2019-5-10,19:01:26,750,1557514887,1,1019,551,22.160913,2019-05-10 08:25:18 NO408,
1194,2019-5-10,19:01:27,0,1557514887,1,1009,550,22.160913,2019-05-10 08:25:18 NO408,
1195,2019-5-10,19:01:27,250,1557514887,1,1003,550,22.162121,2019-05-10 08:25:18 NO408,
1196,2019-5-10,19:01:27,500,1557514888,1,1004,549,22.15729,2019-05-10 08:25:18 NO408,
1197,2019-5-10,19:01:27,750,1557514888,1,1002,550,22.158497,2019-05-10 08:25:18 NO408,
1198,2019-5-10,19:01:28,0,1557514888,1,1010,549,22.159706,2019-05-10 08:25:18 NO408,
1199,2019-5-10,19:01:28,250,1557514888,1,1011,548,22.162121,2019-05-10 08:25:18 NO408,
1200,2019-5-10,19:01:28,500,1557514889,1,996,548,22.159706,2019-05-10 08:25:18 NO408,
1201,2019-5-10,19:01:28,750,1557514889,1,1016,548,22.159706,2019-05-10 08:25:18 NO408,
1202,2019-5-10,19:01:29,0,1557514889,1,1013,548,22.158497,2019-05-10 08:25:18 NO408,
1203,2019-5-10,19:01:29,250,1557514889,1,1000,549,22.160913,2019-05-10 08:25:18 NO408,
1204,2019-5-10,19:01:29,500,1557514890,1,997,549,22.159706,2019-05-10 08:25:18 NO408,
1205,2019-5-10,19:01:29,750,1557514890,1,1001,551,22.159706,2019-05-10 08:25:18 NO408,
1206,2019-5-10,19:01:30,0,1557514890,1,1012,551,22.158497,2019-05-10 08:25:18 NO408,
1207,2019-5-10,19:01:30,250,1557514890,1,1006,552,22.159706,2019-05-10 08:25:18 NO408,
1208,2019-5-10,19:01:30,500,1557514891,1,1021,555,22.159706,2019-05-10 08:25:18 NO408,
1209,2019-5-10,19:01:30,750,1557514891,1,1031,558,22.160913,2019-05-10 08:25:18 NO408,
1210,2019-5-10,19:01:31,0,1557514891,1,1031,560,22.159706,2019-05-10 08:25:18 NO408,
1211,2019-5-10,19:01:31,250,1557514891,1,1029,563,22.156082,2019-05-10 08:25:18 NO408,
1212,2019-5-10,19:01:31,500,1557514892,1,1030,563,22.159706,2019-05-10 08:25:18 NO408,
1213,2019-5-10,19:01:31,750,1557514892,1,1026,561,22.158497,2019-05-10 08:25:18 NO408,
1214,2019-5-10,19:01:32,0,1557514892,1,1005,559,22.162121,2019-05-10 08:25:18 NO408,
1215,2019-5-10,19:01:32,250,1557514892,1,1017,557,22.160913,2019-05-10 08:25:18 NO408,
1216,2019-5-10,19:01:32,500,1557514893,1,1021,554,22.159706,2019-05-10 08:25:18 NO408,
1217,2019-5-10,19:01:32,750,1557514893,1,1017,551,22.158497,2019-05-10 08:25:18 NO408,
1218,2019-5-10,19:01:33,0,1557514893,1,1013,550,22.160913,2019-05-10 08:25:18 NO408,
1219,2019-5-10,19:01:33,250,1557514893,1,1006,550,22.160913,2019-05-10 08:25:18 NO408,
1220,2019-5-10,19:01:33,500,1557514894,1,1007,550,22.159706,2019-05-10 08:25:18 NO408,
1221,2019-5-10,19:01:33,750,1557514894,1,995,551,22.162121,2019-05-10 08:25:18 NO408,
1222,2019-5-10,19:01:34,0,1557514894,1,992,550,22.158497,2019-05-10 08:25:18 NO408,
1223,2019-5-10,19:01:34,250,1557514894,1,1003,548,22.160913,2019-05-10 08:25:18 NO408,
1224,2019-5-10,19:01:34,500,1557514895,1,1007,547,22.160913,2019-05-10 08:25:18 NO408,
1225,2019-5-10,19:01:34,750,1557514895,1,996,547,22.162121,2019-05-10 08:25:18 NO408,
1226,2019-5-10,19:01:35,0,1557514895,1,981,546,22.159706,2019-05-10 08:25:18 NO408,
1227,2019-5-10,19:01:35,250,1557514895,1,989,546,22.156082,2019-05-10 08:25:18 NO408,
1228,2019-5-10,19:01:35,500,1557514896,1,988,546,22.159706,2019-05-10 08:25:18 NO408,
1229,2019-5-10,19:01:35,750,1557514896,1,993,546,22.159706,2019-05-10 08:25:18 NO408,
1230,2019-5-10,19:01:36,0,1557514896,1,984,545,22.162121,2019-05-10 08:25:18 NO408,
1231,2019-5-10,19:01:36,250,1557514896,1,995,547,22.156082,2019-05-10 08:25:18 NO408,
1232,2019-5-10,19:01:36,500,1557514897,1,988,548,22.158497,2019-05-10 08:25:18 NO408,
1233,2019-5-10,19:01:36,750,1557514897,1,1004,547,22.158497,2019-05-10 08:25:18 NO408,
1234,2019-5-10,19:01:37,0,1557514897,1,1018,549,22.160913,2019-05-10 08:25:18 NO408,
1235,2019-5-10,19:01:37,250,1557514897,1,1002,550,22.160913,2019-05-10 08:25:18 NO408,
1236,2019-5-10,19:01:37,500,1557514898,1,1009,550,22.159706,2019-05-10 08:25:18 NO408,
1237,2019-5-10,19:01:37,750,1557514898,1,1017,552,22.158497,2019-05-10 08:25:18 NO408,
1238,2019-5-10,19:01:38,0,1557514898,1,1005,551,22.160913,2019-05-10 08:25:18 NO408,
1239,2019-5-10,19:01:38,250,1557514898,1,1008,553,22.159706,2019-05-10 08:25:18 NO408,
1240,2019-5-10,19:01:38,500,1557514899,1,1017,555,22.160913,2019-05-10 08:25:18 NO408,
1241,2019-5-10,19:01:38,750,1557514899,1,1003,556,22.158497,2019-05-10 08:25:18 NO408,
1242,2019-5-10,19:01:39,0,1557514899,1,1022,557,22.15729,2019-05-10 08:25:18 NO408,
1243,2019-5-10,19:01:39,250,1557514899,1,1002,554,22.159706,2019-05-10 08:25:18 NO408,
1244,2019-5-10,19:01:39,500,1557514900,1,1006,553,22.162121,2019-05-10 08:25:18 NO408,
1245,2019-5-10,19:01:39,750,1557514900,1,1011,554,22.162121,2019-05-10 08:25:18 NO408,
1246,2019-5-10,19:01:40,0,1557514900,1,1014,553,22.158497,2019-05-10 08:25:18 NO408,
1247,2019-5-10,19:01:40,250,1557514900,1,996,552,22.159706,2019-05-10 08:25:18 NO408,
1248,2019-5-10,19:01:40,500,1557514901,1,1045,570,22.160913,2019-05-10 08:25:18 NO408,
1249,2019-5-10,19:01:40,750,1557514901,1,1016,561,22.17178,2019-05-10 08:25:18 NO408,
1250,2019-5-10,19:01:41,0,1557514901,1,1049,468,22.17782,2019-05-10 08:25:18 NO408,
1251,2019-5-10,19:01:41,250,1557514901,1,1019,563,22.188688,2019-05-10 08:25:18 NO408,
1252,2019-5-10,19:01:41,500,1557514902,1,1001,550,22.191105,2019-05-10 08:25:18 NO408,
1253,2019-5-10,19:01:41,750,1557514902,1,1005,547,22.192314,2019-05-10 08:25:18 NO408,
1254,2019-5-10,19:01:42,0,1557514902,1,1007,548,22.192314,2019-05-10 08:25:18 NO408,
1255,2019-5-10,19:01:42,250,1557514902,1,993,438,22.192314,2019-05-10 08:25:18 NO408,
1256,2019-5-10,19:01:42,500,1557514903,1,1001,548,22.187483,2019-05-10 08:25:18 NO408,
1257,2019-5-10,19:01:42,750,1557514903,1,992,548,22.192314,2019-05-10 08:25:18 NO408,
1258,2019-5-10,19:01:43,0,1557514903,1,1009,547,22.189898,2019-05-10 08:25:18 NO408,
1259,2019-5-10,19:01:43,250,1557514903,1,991,548,22.19352,2019-05-10 08:25:18 NO408,
1260,2019-5-10,19:01:43,500,1557514904,1,1011,549,22.189898,2019-05-10 08:25:18 NO408,
1261,2019-5-10,19:01:43,750,1557514904,1,1002,549,22.192314,2019-05-10 08:25:18 NO408,
1262,2019-5-10,19:01:44,0,1557514904,1,1004,550,22.191105,2019-05-10 08:25:18 NO408,
1263,2019-5-10,19:01:44,250,1557514904,1,1022,552,22.191105,2019-05-10 08:25:18 NO408,
1264,2019-5-10,19:01:44,500,1557514905,1,1011,554,22.191105,2019-05-10 08:25:18 NO408,
1265,2019-5-10,19:01:44,750,1557514905,1,1005,556,22.189898,2019-05-10 08:25:18 NO408,
1266,2019-5-10,19:01:45,0,1557514905,1,1022,557,22.187483,2019-05-10 08:25:18 NO408,
1267,2019-5-10,19:01:45,250,1557514905,1,1006,558,22.189898,2019-05-10 08:25:18 NO408,
1268,2019-5-10,19:01:45,500,1557514906,1,1020,560,22.189898,2019-05-10 08:25:18 NO408,
1269,2019-5-10,19:01:45,750,1557514906,1,1032,561,22.192314,2019-05-10 08:25:18 NO408,
1270,2019-5-10,19:01:46,0,1557514906,1,1023,559,22.189898,2019-05-10 08:25:18 NO408,
1271,2019-5-10,19:01:46,250,1557514906,1,1011,555,22.191105,2019-05-10 08:25:18 NO408,
1272,2019-5-10,19:01:46,500,1557514907,1,1008,555,22.191105,2019-05-10 08:25:18 NO408,
1273,2019-5-10,19:01:46,750,1557514907,1,1013,553,22.192314,2019-05-10 08:25:18 NO408,
1274,2019-5-10,19:01:47,0,1557514907,1,1021,551,22.19352,2019-05-10 08:25:18 NO408,
1275,2019-5-10,19:01:47,250,1557514907,1,999,551,22.191105,2019-05-10 08:25:18 NO408,
1276,2019-5-10,19:01:47,500,1557514908,1,1023,553,22.189898,2019-05-10 08:25:18 NO408,
1277,2019-5-10,19:01:47,750,1557514908,1,1008,551,22.189898,2019-05-10 08:25:18 NO408,
1278,2019-5-10,19:01:48,0,1557514908,1,1003,552,22.192314,2019-05-10 08:25:18 NO408,
1279,2019-5-10,19:01:48,250,1557514908,1,1019,552,22.192314,2019-05-10 08:25:18 NO408,
1280,2019-5-10,19:01:48,500,1557514909,1,1015,552,22.191105,2019-05-10 08:25:18 NO408,
1281,2019-5-10,19:01:48,750,1557514909,1,1016,552,22.189898,2019-05-10 08:25:18 NO408,
1282,2019-5-10,19:01:49,0,1557514909,1,1002,552,22.192314,2019-05-10 08:25:18 NO408,
1283,2019-5-10,19:01:49,250,1557514909,1,1026,552,22.191105,2019-05-10 08:25:18 NO408,
1284,2019-5-10,19:01:49,500,1557514910,1,995,552,22.192314,2019-05-10 08:25:18 NO408,
1285,2019-5-10,19:01:49,750,1557514910,1,1020,554,22.189898,2019-05-10 08:25:18 NO408,
1286,2019-5-10,19:01:50,0,1557514910,1,1006,554,22.191105,2019-05-10 08:25:18 NO408,
1287,2019-5-10,19:01:50,250,1557514910,1,1020,553,22.191105,2019-05-10 08:25:18 NO408,
1288,2019-5-10,19:01:50,500,1557514911,1,1006,553,22.19352,2019-05-10 08:25:18 NO408,
1289,2019-5-10,19:01:50,750,1557514911,1,1010,554,22.191105,2019-05-10 08:25:18 NO408,
1290,2019-5-10,19:01:51,0,1557514911,1,1021,555,22.191105,2019-05-10 08:25:18 NO408,
1291,2019-5-10,19:01:51,250,1557514911,1,995,555,22.188688,2019-05-10 08:25:18 NO408,
1292,2019-5-10,19:01:51,500,1557514912,1,1014,556,22.191105,2019-05-10 08:25:18 NO408,
1293,2019-5-10,19:01:51,750,1557514912,1,1018,557,22.192314,2019-05-10 08:25:18 NO408,
1294,2019-5-10,19:01:52,0,1557514912,1,1011,558,22.189898,2019-05-10 08:25:18 NO408,
1295,2019-5-10,19:01:52,250,1557514912,1,1018,560,22.189898,2019-05-10 08:25:18 NO408,
1296,2019-5-10,19:01:52,500,1557514913,1,1015,560,22.189898,2019-05-10 08:25:18 NO408,
1297,2019-5-10,19:01:52,750,1557514913,1,1026,559,22.191105,2019-05-10 08:25:18 NO408,
1298,2019-5-10,19:01:53,0,1557514913,1,1023,559,22.19352,2019-05-10 08:25:18 NO408,
1299,2019-5-10,19:01:53,250,1557514913,1,1020,558,22.191105,2019-05-10 08:25:18 NO408,
1300,2019-5-10,19:01:53,500,1557514914,1,1011,558,22.188688,2019-05-10 08:25:18 NO408,
1301,2019-5-10,19:01:53,750,1557514914,1,1022,559,22.188688,2019-05-10 08:25:18 NO408,
1302,2019-5-10,19:01:54,0,1557514914,1,1030,561,22.191105,2019-05-10 08:25:18 NO408,
1303,2019-5-10,19:01:54,250,1557514914,1,1019,561,22.192314,2019-05-10 08:25:18 NO408,
1304,2019-5-10,19:01:54,500,1557514915,1,1022,561,22.192314,2019-05-10 08:25:18 NO408,
1305,2019-5-10,19:01:54,750,1557514915,1,1016,560,22.191105,2019-05-10 08:25:18 NO408,
1306,2019-5-10,19:01:55,0,1557514915,1,1022,559,22.191105,2019-05-10 08:25:18 NO408,
1307,2019-5-10,19:01:55,250,1557514915,1,1028,559,22.192314,2019-05-10 08:25:18 NO408,
1308,2019-5-10,19:01:55,500,1557514916,1,1029,559,22.191105,2019-05-10 08:25:18 NO408,
1309,2019-5-10,19:01:55,750,1557514916,1,1006,558,22.191105,2019-05-10 08:25:18 NO408,
1310,2019-5-10,19:01:56,0,1557514916,1,1016,559,22.189898,2019-05-10 08:25:18 NO408,
0,2019-5-10,19:01:56,175,1557514916,1,1029,559,22.191105,2019-05-10 08:25:18 NO408,
1,2019-5-10,19:01:56,425,1557514916,1,1007,560,22.191105,2019-05-10 08:25:18 NO408,
2,2019-5-10,19:01:56,675,1557514917,1,993,556,22.19352,2019-05-10 08:25:18 NO408,
3,2019-5-10,19:01:56,925,1557514917,1,977,527,22.181446,2019-05-10 08:25:18 NO408,
4,2019-5-10,19:01:57,175,1557514917,1,1002,550,22.166952,2019-05-10 08:25:18 NO408,
5,2019-5-10,19:01:57,425,1557514917,1,1015,559,22.165745,2019-05-10 08:25:18 NO408,
6,2019-5-10,19:01:57,675,1557514918,1,1002,552,22.168159,2019-05-10 08:25:18 NO408,
7,2019-5-10,19:01:57,925,1557514918,1,1015,647,22.154873,2019-05-10 08:25:18 NO408,
8,2019-5-10,19:01:58,175,1557514918,1,1022,556,22.150043,2019-05-10 08:25:18 NO408,
9,2019-5-10,19:01:58,425,1557514918,1,1029,561,22.148836,2019-05-10 08:25:18 NO408,
10,2019-5-10,19:01:58,675,1557514919,1,1043,563,22.151251,2019-05-10 08:25:18 NO408,
11,2019-5-10,19:01:58,925,1557514919,1,1012,564,22.151251,2019-05-10 08:25:18 NO408,
12,2019-5-10,19:01:59,175,1557514919,1,1020,565,22.151251,2019-05-10 08:25:18 NO408,
13,2019-5-10,19:01:59,425,1557514919,1,1044,566,22.147631,2019-05-10 08:25:18 NO408,
14,2019-5-10,19:01:59,675,1557514920,1,1015,566,22.148836,2019-05-10 08:25:18 NO408,
15,2019-5-10,19:01:59,925,1557514920,1,1039,566,22.151251,2019-05-10 08:25:18 NO408,
16,2019-5-10,19:02:00,175,1557514920,1,1039,562,22.152458,2019-05-10 08:25:18 NO408,
17,2019-5-10,19:02:00,425,1557514920,1,1024,559,22.153666,2019-05-10 08:25:18 NO408,
18,2019-5-10,19:02:00,675,1557514921,1,1026,558,22.151251,2019-05-10 08:25:18 NO408,
19,2019-5-10,19:02:00,925,1557514921,1,1031,556,22.148836,2019-05-10 08:25:18 NO408,
20,2019-5-10,19:02:01,175,1557514921,1,1027,556,22.148836,2019-05-10 08:25:18 NO408,
21,2019-5-10,19:02:01,425,1557514921,1,1010,555,22.152458,2019-05-10 08:25:18 NO408,
22,2019-5-10,19:02:01,675,1557514922,1,1015,554,22.152458,2019-05-10 08:25:18 NO408,
23,2019-5-10,19:02:01,925,1557514922,1,996,554,22.150043,2019-05-10 08:25:18 NO408,
24,2019-5-10,19:02:02,175,1557514922,1,1015,553,22.148836,2019-05-10 08:25:18 NO408,
25,2019-5-10,19:02:02,425,1557514922,1,1021,553,22.148836,2019-05-10 08:25:18 NO408,
26,2019-5-10,19:02:02,675,1557514923,1,1027,553,22.151251,2019-05-10 08:25:18 NO408,
27,2019-5-10,19:02:02,925,1557514923,1,1008,553,22.151251,2019-05-10 08:25:18 NO408,
28,2019-5-10,19:02:03,175,1557514923,1,995,551,22.148836,2019-05-10 08:25:18 NO408,
29,2019-5-10,19:02:03,425,1557514923,1,1010,552,22.150043,2019-05-10 08:25:18 NO408,
30,2019-5-10,19:02:03,675,1557514924,1,1003,552,22.148836,2019-05-10 08:25:18 NO408,
31,2019-5-10,19:02:03,925,1557514924,1,1006,552,22.150043,2019-05-10 08:25:18 NO408,
32,2019-5-10,19:02:04,175,1557514924,1,1006,551,22.150043,2019-05-10 08:25:18 NO408,
33,2019-5-10,19:02:04,425,1557514924,1,1004,552,22.150043,2019-05-10 08:25:18 NO408,
34,2019-5-10,19:02:04,675,1557514925,1,1004,553,22.146421,2019-05-10 08:25:18 NO408,
35,2019-5-10,19:02:04,925,1557514925,1,1015,553,22.150043,2019-05-10 08:25:18 NO408,
36,2019-5-10,19:02:05,175,1557514925,1,1013,550,22.150043,2019-05-10 08:25:18 NO408,
37,2019-5-10,19:02:05,425,1557514925,1,1007,549,22.152458,2019-05-10 08:25:18 NO408,
38,2019-5-10,19:02:05,675,1557514926,1,1008,550,22.148836,2019-05-10 08:25:18 NO408,
39,2019-5-10,19:02:05,925,1557514926,1,1015,552,22.147631,2019-05-10 08:25:18 NO408,
40,2019-5-10,19:02:06,175,1557514926,1,1003,555,22.147631,2019-05-10 08:25:18 NO408,
41,2019-5-10,19:02:06,425,1557514926,1,1014,558,22.148836,2019-05-10 08:25:18 NO408,
42,2019-5-10,19:02:06,675,1557514927,1,1006,560,22.151251,2019-05-10 08:25:18 NO408,
43,2019-5-10,19:02:06,925,1557514927,1,1032,561,22.152458,2019-05-10 08:25:18 NO408,
44,2019-5-10,19:02:07,175,1557514927,1,1008,561,22.147631,2019-05-10 08:25:18 NO408,
45,2019-5-10,19:02:07,425,1557514927,1,1026,558,22.150043,2019-05-10 08:25:18 NO408,
46,2019-5-10,19:02:07,675,1557514928,1,1006,557,22.150043,2019-05-10 08:25:18 NO408,
47,2019-5-10,19:02:07,925,1557514928,1,992,550,22.153666,2019-05-10 08:25:18 NO408,
48,2019-5-10,19:02:08,175,1557514928,1,991,544,22.152458,2019-05-10 08:25:18 NO408,
49,2019-5-10,19:02:08,425,1557514928,1,1021,557,22.146421,2019-05-10 08:25:18 NO408,
50,2019-5-10,19:02:08,675,1557514929,1,1058,578,22.142797,2019-05-10 08:25:18 NO408,
51,2019-5-10,19:02:08,925,1557514929,1,1050,588,22.147631,2019-05-10 08:25:18 NO408,
52,2019-5-10,19:02:09,175,1557514929,1,1072,595,22.148836,2019-05-10 08:25:18 NO408,
94,2019-5-10,19:02:19,675,1557514940,1,893,693,22.322742,2019-05-10 08:25:18 NO409,
95,2019-5-10,19:02:19,925,1557514940,1,909,580,22.263565,2019-05-10 08:25:18 NO409,
96,2019-5-10,19:02:20,175,1557514940,1,911,585,22.198349,2019-05-10 08:25:18 NO409,
97,2019-5-10,19:02:20,425,1557514940,1,1065,547,22.148836,2019-05-10 08:25:18 NO409,
98,2019-5-10,19:02:20,675,1557514941,1,1081,702,22.147631,2019-05-10 08:25:18 NO409,
99,2019-5-10,19:02:20,925,1557514941,1,1096,610,22.146421,2019-05-10 08:25:18 NO409,
100,2019-5-10,19:02:21,175,1557514941,1,1078,718,22.150043,2019-05-10 08:25:18 NO409,
101,2019-5-10,19:02:21,425,1557514941,1,1086,608,22.147631,2019-05-10 08:25:18 NO409,
102,2019-5-10,19:02:21,675,1557514942,1,973,560,22.160913,2019-05-10 08:25:18 NO409,
103,2019-5-10,19:02:21,925,1557514942,1,1065,577,22.146421,2019-05-10 08:25:18 NO409,
104,2019-5-10,19:02:22,175,1557514942,1,1078,604,22.148836,2019-05-10 08:25:18 NO409,
105,2019-5-10,19:02:22,425,1557514942,1,1076,594,22.152458,2019-05-10 08:25:18 NO409,
106,2019-5-10,19:02:22,675,1557514943,1,1048,582,22.151251,2019-05-10 08:25:18 NO409,
107,2019-5-10,19:02:22,925,1557514943,1,1029,571,22.150043,2019-05-10 08:25:18 NO409,
108,2019-5-10,19:02:23,175,1557514943,1,1025,563,22.153666,2019-05-10 08:25:18 NO409,
109,2019-5-10,19:02:23,425,1557514943,1,1011,560,22.153666,2019-05-10 08:25:18 NO409,
110,2019-5-10,19:02:23,675,1557514944,1,1012,560,22.152458,2019-05-10 08:25:18 NO409,
111,2019-5-10,19:02:23,925,1557514944,1,1018,562,22.148836,2019-05-10 08:25:18 NO409,
112,2019-5-10,19:02:24,175,1557514944,1,1018,556,22.150043,2019-05-10 08:25:18 NO409,
113,2019-5-10,19:02:24,425,1557514944,1,1030,557,22.150043,2019-05-10 08:25:18 NO409,
114,2019-5-10,19:02:24,675,1557514945,1,1000,553,22.152458,2019-05-10 08:25:18 NO409,
115,2019-5-10,19:02:24,925,1557514945,1,1011,547,22.151251,2019-05-10 08:25:18 NO409,
116,2019-5-10,19:02:25,175,1557514945,1,999,546,22.151251,2019-05-10 08:25:18 NO409,
117,2019-5-10,19:02:25,425,1557514945,1,1006,548,22.150043,2019-05-10 08:25:18 NO409,
118,2019-5-10,19:02:25,675,1557514946,1,1010,549,22.151251,2019-05-10 08:25:18 NO409,
119,2019-5-10,19:02:25,925,1557514946,1,1012,551,22.147631,2019-05-10 08:25:18 NO409,
120,2019-5-10,19:02:26,175,1557514946,1,1003,552,22.150043,2019-05-10 08:25:18 NO409,
121,2019-5-10,19:02:26,425,1557514946,1,1011,554,22.147631,2019-05-10 08:25:18 NO409,
122,2019-5-10,19:02:26,675,1557514947,1,1021,553,22.147631,2019-05-10 08:25:18 NO409,
123,2019-5-10,19:02:26,925,1557514947,1,1019,555,22.148836,2019-05-10 08:25:18 NO409,
124,2019-5-10,19:02:27,175,1557514947,1,1030,555,22.150043,2019-05-10 08:25:18 NO409,
125,2019-5-10,19:02:27,425,1557514947,1,1025,554,22.152458,2019-05-10 08:25:18 NO409,
126,2019-5-10,19:02:27,675,1557514948,1,1015,556,22.148836,2019-05-10 08:25:18 NO409,
127,2019-5-10,19:02:27,925,1557514948,1,1022,557,22.148836,2019-05-10 08:25:18 NO409,
128,2019-5-10,19:02:28,175,1557514948,1,1018,557,22.148836,2019-05-10 08:25:18 NO409,
129,2019-5-10,19:02:28,425,1557514948,1,1016,559,22.150043,2019-05-10 08:25:18 NO409,
130,2019-5-10,19:02:28,675,1557514949,1,1002,558,22.151251,2019-05-10 08:25:18 NO409,
131,2019-5-10,19:02:28,925,1557514949,1,1021,558,22.151251,2019-05-10 08:25:18 NO409,
132,2019-5-10,19:02:29,175,1557514949,1,1010,557,22.148836,2019-05-10 08:25:18 NO409,
133,2019-5-10,19:02:29,425,1557514949,1,1007,557,22.150043,2019-05-10 08:25:18 NO409,
134,2019-5-10,19:02:29,675,1557514950,1,1013,555,22.148836,2019-05-10 08:25:18 NO409,
135,2019-5-10,19:02:29,925,1557514950,1,1001,554,22.151251,2019-05-10 08:25:18 NO409,
136,2019-5-10,19:02:30,175,1557514950,1,1011,555,22.147631,2019-05-10 08:25:18 NO409,
137,2019-5-10,19:02:30,425,1557514950,1,1017,555,22.151251,2019-05-10 08:25:18 NO409,
138,2019-5-10,19:02:30,675,1557514951,1,1009,554,22.150043,2019-05-10 08:25:18 NO409,
139,2019-5-10,19:02:30,925,1557514951,1,996,553,22.152458,2019-05-10 08:25:18 NO409,
140,2019-5-10,19:02:31,175,1557514951,1,1012,552,22.151251,2019-05-10 08:25:18 NO409,
141,2019-5-10,19:02:31,425,1557514951,1,1015,551,22.148836,2019-05-10 08:25:18 NO409,
142,2019-5-10,19:02:31,675,1557514952,1,998,551,22.146421,2019-05-10 08:25:18 NO409,
143,2019-5-10,19:02:31,925,1557514952,1,988,550,22.151251,2019-05-10 08:25:18 NO409,
144,2019-5-10,19:02:32,175,1557514952,1,988,550,22.151251,2019-05-10 08:25:18 NO409,
145,2019-5-10,19:02:32,425,1557514952,1,1013,551,22.152458,2019-05-10 08:25:18 NO409,
146,2019-5-10,19:02:32,675,1557514953,1,1004,550,22.151251,2019-05-10 08:25:18 NO409,
