id,sinewave
1,0.841470985
2,0.873736397
3,0.90255357
4,0.927808777
5,0.949402346
6,0.967249058
7,0.98127848
8,0.991435244
9,0.997679266
10,0.999985904
11,0.998346054
12,0.992766189
13,0.983268329
14,0.969889958
15,0.952683874
16,0.931717983
17,0.907075026
18,0.878852258
19,0.847161063
20,0.812126509
21,0.773886863
22,0.73259304
23,0.688408006
24,0.64150614
25,0.592072543
26,0.540302306
27,0.486399742
28,0.430577581
29,0.373056127
30,0.314062391
31,0.253829194
32,0.192594249
33,0.130599223
34,0.068088781
35,0.005309624
36,-0.057490488
37,-0.120063711
38,-0.182163097
39,-0.243543569
40,-0.303962886
41,-0.3631826
42,-0.420968998
43,-0.477094024
44,-0.531336178
45,-0.583481391
46,-0.633323869
47,-0.680666907
48,-0.725323664
49,-0.7671179
50,-0.805884672
51,-0.841470985
52,-0.873736397
53,-0.90255357
54,-0.927808777
55,-0.949402346
56,-0.967249058
57,-0.98127848
58,-0.991435244
59,-0.997679266
60,-0.999985904
61,-0.998346054
62,-0.992766189
63,-0.983268329
64,-0.969889958
65,-0.952683874
66,-0.931717983
67,-0.907075026
68,-0.878852258
69,-0.847161063
70,-0.812126509
71,-0.773886863
72,-0.73259304
73,-0.688408006
74,-0.64150614
75,-0.592072543
76,-0.540302306
77,-0.486399742
78,-0.430577581
79,-0.373056127
80,-0.314062391
81,-0.253829194
82,-0.192594249
83,-0.130599223
84,-0.068088781
85,-0.005309624
86,0.057490488
87,0.120063711
88,0.182163097
89,0.243543569
90,0.303962886
91,0.3631826
92,0.420968998
93,0.477094024
94,0.531336178
95,0.583481391
96,0.633323869
97,0.680666907
98,0.725323664
99,0.7671179
100,0.805884672
101,0.841470985
102,0.873736397
103,0.90255357
104,0.927808777
105,0.949402346
106,0.967249058
107,0.98127848
108,0.991435244
109,0.997679266
110,0.999985904
111,0.998346054
112,0.992766189
113,0.983268329
114,0.969889958
115,0.952683874
116,0.931717983
117,0.907075026
118,0.878852258
119,0.847161063
120,0.812126509
121,0.773886863
122,0.73259304
123,0.688408006
124,0.64150614
125,0.592072543
126,0.540302306
127,0.486399742
128,0.430577581
129,0.373056127
130,0.314062391
131,0.253829194
132,0.192594249
133,0.130599223
134,0.068088781
135,0.005309624
136,-0.057490488
137,-0.120063711
138,-0.182163097
139,-0.243543569
140,-0.303962886
141,-0.3631826
142,-0.420968998
143,-0.477094024
144,-0.531336178
145,-0.583481391
146,-0.633323869
147,-0.680666907
148,-0.725323664
149,-0.7671179
150,-0.805884672
151,-0.841470985
152,-0.873736397
153,-0.90255357
154,-0.927808777
155,-0.949402346
156,-0.967249058
157,-0.98127848
158,-0.991435244
159,-0.997679266
160,-0.999985904
161,-0.998346054
162,-0.992766189
163,-0.983268329
164,-0.969889958
165,-0.952683874
166,-0.931717983
167,-0.907075026
168,-0.878852258
169,-0.847161063
170,-0.812126509
171,-0.773886863
172,-0.73259304
173,-0.688408006
174,-0.64150614
175,-0.592072543
176,-0.540302306
177,-0.486399742
178,-0.430577581
179,-0.373056127
180,-0.314062391
181,-0.253829194
182,-0.192594249
183,-0.130599223
184,-0.068088781
185,-0.005309624
186,0.057490488
187,0.120063711
188,0.182163097
189,0.243543569
190,0.303962886
191,0.3631826
192,0.420968998
193,0.477094024
194,0.531336178
195,0.583481391
196,0.633323869
197,0.680666907
198,0.725323664
199,0.7671179
200,0.805884672
201,0.841470985
202,0.873736397
203,0.90255357
204,0.927808777
205,0.949402346
206,0.967249058
207,0.98127848
208,0.991435244
209,0.997679266
210,0.999985904
211,0.998346054
212,0.992766189
213,0.983268329
214,0.969889958
215,0.952683874
216,0.931717983
217,0.907075026
218,0.878852258
219,0.847161063
220,0.812126509
221,0.773886863
222,0.73259304
223,0.688408006
224,0.64150614
225,0.592072543
226,0.540302306
227,0.486399742
228,0.430577581
229,0.373056127
230,0.314062391
231,0.253829194
232,0.192594249
233,0.130599223
234,0.068088781
235,0.005309624
236,-0.057490488
237,-0.120063711
238,-0.182163097
239,-0.243543569
240,-0.303962886
241,-0.3631826
242,-0.420968998
243,-0.477094024
244,-0.531336178
245,-0.583481391
246,-0.633323869
247,-0.680666907
248,-0.725323664
249,-0.7671179
250,-0.805884672
251,-0.841470985
252,-0.873736397
253,-0.90255357
254,-0.927808777
255,-0.949402346
256,-0.967249058
257,-0.98127848
258,-0.991435244
259,-0.997679266
260,-0.999985904
261,-0.998346054
262,-0.992766189
263,-0.983268329
264,-0.969889958
265,-0.952683874
266,-0.931717983
267,-0.907075026
268,-0.878852258
269,-0.847161063
270,-0.812126509
271,-0.773886863
272,-0.73259304
273,-0.688408006
274,-0.64150614
275,-0.592072543
276,-0.540302306
277,-0.486399742
278,-0.430577581
279,-0.373056127
280,-0.314062391
281,-0.253829194
282,-0.192594249
283,-0.130599223
284,-0.068088781
285,-0.005309624
286,0.057490488
287,0.120063711
288,0.182163097
289,0.243543569
290,0.303962886
291,0.3631826
292,0.420968998
293,0.477094024
294,0.531336178
295,0.583481391
296,0.633323869
297,0.680666907
298,0.725323664
299,0.7671179
300,0.805884672
301,0.841470985
302,0.873736397
303,0.90255357
304,0.927808777
305,0.949402346
306,0.967249058
307,0.98127848
308,0.991435244
309,0.997679266
310,0.999985904
311,0.998346054
312,0.992766189
313,0.983268329
314,0.969889958
315,0.952683874
316,0.931717983
317,0.907075026
318,0.878852258
319,0.847161063
320,0.812126509
321,0.773886863
322,0.73259304
323,0.688408006
324,0.64150614
325,0.592072543
326,0.540302306
327,0.486399742
328,0.430577581
329,0.373056127
330,0.314062391
331,0.253829194
332,0.192594249
333,0.130599223
334,0.068088781
335,0.005309624
336,-0.057490488
337,-0.120063711
338,-0.182163097
339,-0.243543569
340,-0.303962886
341,-0.3631826
342,-0.420968998
343,-0.477094024
344,-0.531336178
345,-0.583481391
346,-0.633323869
347,-0.680666907
348,-0.725323664
349,-0.7671179
350,-0.805884672
351,-0.841470985
352,-0.873736397
353,-0.90255357
354,-0.927808777
355,-0.949402346
356,-0.967249058
357,-0.98127848
358,-0.991435244
359,-0.997679266
360,-0.999985904
361,-0.998346054
362,-0.992766189
363,-0.983268329
364,-0.969889958
365,-0.952683874
366,-0.931717983
367,-0.907075026
368,-0.878852258
369,-0.847161063
370,-0.812126509
371,-0.773886863
372,-0.73259304
373,-0.688408006
374,-0.64150614
375,-0.592072543
376,-0.540302306
377,-0.486399742
378,-0.430577581
379,-0.373056127
380,-0.314062391
381,-0.253829194
382,-0.192594249
383,-0.130599223
384,-0.068088781
385,-0.005309624
386,0.057490488
387,0.120063711
388,0.182163097
389,0.243543569
390,0.303962886
391,0.3631826
392,0.420968998
393,0.477094024
394,0.531336178
395,0.583481391
396,0.633323869
397,0.680666907
398,0.725323664
399,0.7671179
400,0.805884672
401,0.841470985
402,0.873736397
403,0.90255357
404,0.927808777
405,0.949402346
406,0.967249058
407,0.98127848
408,0.991435244
409,0.997679266
410,0.999985904
411,0.998346054
412,0.992766189
413,0.983268329
414,0.969889958
415,0.952683874
416,0.931717983
417,0.907075026
418,0.878852258
419,0.847161063
420,0.812126509
421,0.773886863
422,0.73259304
423,0.688408006
424,0.64150614
425,0.592072543
426,0.540302306
427,0.486399742
428,0.430577581
429,0.373056127
430,0.314062391
431,0.253829194
432,0.192594249
433,0.130599223
434,0.068088781
435,0.005309624
436,-0.057490488
437,-0.120063711
438,-0.182163097
439,-0.243543569
440,-0.303962886
441,-0.3631826
442,-0.420968998
443,-0.477094024
444,-0.531336178
445,-0.583481391
446,-0.633323869
447,-0.680666907
448,-0.725323664
449,-0.7671179
450,-0.805884672
451,-0.841470985
452,-0.873736397
453,-0.90255357
454,-0.927808777
455,-0.949402346
456,-0.967249058
457,-0.98127848
458,-0.991435244
459,-0.997679266
460,-0.999985904
461,-0.998346054
462,-0.992766189
463,-0.983268329
464,-0.969889958
465,-0.952683874
466,-0.931717983
467,-0.907075026
468,-0.878852258
469,-0.847161063
470,-0.812126509
471,-0.773886863
472,-0.73259304
473,-0.688408006
474,-0.64150614
475,-0.592072543
476,-0.540302306
477,-0.486399742
478,-0.430577581
479,-0.373056127
480,-0.314062391
481,-0.253829194
482,-0.192594249
483,-0.130599223
484,-0.068088781
485,-0.005309624
486,0.057490488
487,0.120063711
488,0.182163097
489,0.243543569
490,0.303962886
491,0.3631826
492,0.420968998
493,0.477094024
494,0.531336178
495,0.583481391
496,0.633323869
497,0.680666907
498,0.725323664
499,0.7671179
500,0.805884672
501,0.841470985
502,0.873736397
503,0.90255357
504,0.927808777
505,0.949402346
506,0.967249058
507,0.98127848
508,0.991435244
509,0.997679266
510,0.999985904
511,0.998346054
512,0.992766189
513,0.983268329
514,0.969889958
515,0.952683874
516,0.931717983
517,0.907075026
518,0.878852258
519,0.847161063
520,0.812126509
521,0.773886863
522,0.73259304
523,0.688408006
524,0.64150614
525,0.592072543
526,0.540302306
527,0.486399742
528,0.430577581
529,0.373056127
530,0.314062391
531,0.253829194
532,0.192594249
533,0.130599223
534,0.068088781
535,0.005309624
536,-0.057490488
537,-0.120063711
538,-0.182163097
539,-0.243543569
540,-0.303962886
541,-0.3631826
542,-0.420968998
543,-0.477094024
544,-0.531336178
545,-0.583481391
546,-0.633323869
547,-0.680666907
548,-0.725323664
549,-0.7671179
550,-0.805884672
551,-0.841470985
552,-0.873736397
553,-0.90255357
554,-0.927808777
555,-0.949402346
556,-0.967249058
557,-0.98127848
558,-0.991435244
559,-0.997679266
560,-0.999985904
561,-0.998346054
562,-0.992766189
563,-0.983268329
564,-0.969889958
565,-0.952683874
566,-0.931717983
567,-0.907075026
568,-0.878852258
569,-0.847161063
570,-0.812126509
571,-0.773886863
572,-0.73259304
573,-0.688408006
574,-0.64150614
575,-0.592072543
576,-0.540302306
577,-0.486399742
578,-0.430577581
579,-0.373056127
580,-0.314062391
581,-0.253829194
582,-0.192594249
583,-0.130599223
584,-0.068088781
585,-0.005309624
586,0.057490488
587,0.120063711
588,0.182163097
589,0.243543569
590,0.303962886
591,0.3631826
592,0.420968998
593,0.477094024
594,0.531336178
595,0.583481391
596,0.633323869
597,0.680666907
598,0.725323664
599,0.7671179
600,0.805884672
601,0.841470985
602,0.873736397
603,0.90255357
604,0.927808777
605,0.949402346
606,0.967249058
607,0.98127848
608,0.991435244
609,0.997679266
610,0.999985904
611,0.998346054
612,0.992766189
613,0.983268329
614,0.969889958
615,0.952683874
616,0.931717983
617,0.907075026
618,0.878852258
619,0.847161063
620,0.812126509
621,0.773886863
622,0.73259304
623,0.688408006
624,0.64150614
625,0.592072543
626,0.540302306
627,0.486399742
628,0.430577581
629,0.373056127
630,0.314062391
631,0.253829194
632,0.192594249
633,0.130599223
634,0.068088781
635,0.005309624
636,-0.057490488
637,-0.120063711
638,-0.182163097
639,-0.243543569
640,-0.303962886
641,-0.3631826
642,-0.420968998
643,-0.477094024
644,-0.531336178
645,-0.583481391
646,-0.633323869
647,-0.680666907
648,-0.725323664
649,-0.7671179
650,-0.805884672
651,-0.841470985
652,-0.873736397
653,-0.90255357
654,-0.927808777
655,-0.949402346
656,-0.967249058
657,-0.98127848
658,-0.991435244
659,-0.997679266
660,-0.999985904
661,-0.998346054
662,-0.992766189
663,-0.983268329
664,-0.969889958
665,-0.952683874
666,-0.931717983
667,-0.907075026
668,-0.878852258
669,-0.847161063
670,-0.812126509
671,-0.773886863
672,-0.73259304
673,-0.688408006
674,-0.64150614
675,-0.592072543
676,-0.540302306
677,-0.486399742
678,-0.430577581
679,-0.373056127
680,-0.314062391
681,-0.253829194
682,-0.192594249
683,-0.130599223
684,-0.068088781
685,-0.005309624
686,0.057490488
687,0.120063711
688,0.182163097
689,0.243543569
690,0.303962886
691,0.3631826
692,0.420968998
693,0.477094024
694,0.531336178
695,0.583481391
696,0.633323869
697,0.680666907
698,0.725323664
699,0.7671179
700,0.805884672
701,0.841470985
702,0.873736397
703,0.90255357
704,0.927808777
705,0.949402346
706,0.967249058
707,0.98127848
708,0.991435244
709,0.997679266
710,0.999985904
711,0.998346054
712,0.992766189
713,0.983268329
714,0.969889958
715,0.952683874
716,0.931717983
717,0.907075026
718,0.878852258
719,0.847161063
720,0.812126509
721,0.773886863
722,0.73259304
723,0.688408006
724,0.64150614
725,0.592072543
726,0.540302306
727,0.486399742
728,0.430577581
729,0.373056127
730,0.314062391
731,0.253829194
732,0.192594249
733,0.130599223
734,0.068088781
735,0.005309624
736,-0.057490488
737,-0.120063711
738,-0.182163097
739,-0.243543569
740,-0.303962886
741,-0.3631826
742,-0.420968998
743,-0.477094024
744,-0.531336178
745,-0.583481391
746,-0.633323869
747,-0.680666907
748,-0.725323664
749,-0.7671179
750,-0.805884672
751,-0.841470985
752,-0.873736397
753,-0.90255357
754,-0.927808777
755,-0.949402346
756,-0.967249058
757,-0.98127848
758,-0.991435244
759,-0.997679266
760,-0.999985904
761,-0.998346054
762,-0.992766189
763,-0.983268329
764,-0.969889958
765,-0.952683874
766,-0.931717983
767,-0.907075026
768,-0.878852258
769,-0.847161063
770,-0.812126509
771,-0.773886863
772,-0.73259304
773,-0.688408006
774,-0.64150614
775,-0.592072543
776,-0.540302306
777,-0.486399742
778,-0.430577581
779,-0.373056127
780,-0.314062391
781,-0.253829194
782,-0.192594249
783,-0.130599223
784,-0.068088781
785,-0.005309624
786,0.057490488
787,0.120063711
788,0.182163097
789,0.243543569
790,0.303962886
791,0.3631826
792,0.420968998
793,0.477094024
794,0.531336178
795,0.583481391
796,0.633323869
797,0.680666907
798,0.725323664
799,0.7671179
800,0.805884672
801,0.841470985
802,0.873736397
803,0.90255357
804,0.927808777
805,0.949402346
806,0.967249058
807,0.98127848
808,0.991435244
809,0.997679266
810,0.999985904
811,0.998346054
812,0.992766189
813,0.983268329
814,0.969889958
815,0.952683874
816,0.931717983
817,0.907075026
818,0.878852258
819,0.847161063
820,0.812126509
821,0.773886863
822,0.73259304
823,0.688408006
824,0.64150614
825,0.592072543
826,0.540302306
827,0.486399742
828,0.430577581
829,0.373056127
830,0.314062391
831,0.253829194
832,0.192594249
833,0.130599223
834,0.068088781
835,0.005309624
836,-0.057490488
837,-0.120063711
838,-0.182163097
839,-0.243543569
840,-0.303962886
841,-0.3631826
842,-0.420968998
843,-0.477094024
844,-0.531336178
845,-0.583481391
846,-0.633323869
847,-0.680666907
848,-0.725323664
849,-0.7671179
850,-0.805884672
851,-0.841470985
852,-0.873736397
853,-0.90255357
854,-0.927808777
855,-0.949402346
856,-0.967249058
857,-0.98127848
858,-0.991435244
859,-0.997679266
860,-0.999985904
861,-0.998346054
862,-0.992766189
863,-0.983268329
864,-0.969889958
865,-0.952683874
866,-0.931717983
867,-0.907075026
868,-0.878852258
869,-0.847161063
870,-0.812126509
871,-0.773886863
872,-0.73259304
873,-0.688408006
874,-0.64150614
875,-0.592072543
876,-0.540302306
877,-0.486399742
878,-0.430577581
879,-0.373056127
880,-0.314062391
881,-0.253829194
882,-0.192594249
883,-0.130599223
884,-0.068088781
885,-0.005309624
886,0.057490488
887,0.120063711
888,0.182163097
889,0.243543569
890,0.303962886
891,0.3631826
892,0.420968998
893,0.477094024
894,0.531336178
895,0.583481391
896,0.633323869
897,0.680666907
898,0.725323664
899,0.7671179
900,0.805884672
901,0.841470985
902,0.873736397
903,0.90255357
904,0.927808777
905,0.949402346
906,0.967249058
907,0.98127848
908,0.991435244
909,0.997679266
910,0.999985904
911,0.998346054
912,0.992766189
913,0.983268329
914,0.969889958
915,0.952683874
916,0.931717983
917,0.907075026
918,0.878852258
919,0.847161063
920,0.812126509
921,0.773886863
922,0.73259304
923,0.688408006
924,0.64150614
925,0.592072543
926,0.540302306
927,0.486399742
928,0.430577581
929,0.373056127
930,0.314062391
931,0.253829194
932,0.192594249
933,0.130599223
934,0.068088781
935,0.005309624
936,-0.057490488
937,-0.120063711
938,-0.182163097
939,-0.243543569
940,-0.303962886
941,-0.3631826
942,-0.420968998
943,-0.477094024
944,-0.531336178
945,-0.583481391
946,-0.633323869
947,-0.680666907
948,-0.725323664
949,-0.7671179
950,-0.805884672
951,-0.841470985
952,-0.873736397
953,-0.90255357
954,-0.927808777
955,-0.949402346
956,-0.967249058
957,-0.98127848
958,-0.991435244
959,-0.997679266
960,-0.999985904
961,-0.998346054
962,-0.992766189
963,-0.983268329
964,-0.969889958
965,-0.952683874
966,-0.931717983
967,-0.907075026
968,-0.878852258
969,-0.847161063
970,-0.812126509
971,-0.773886863
972,-0.73259304
973,-0.688408006
974,-0.64150614
975,-0.592072543
976,-0.540302306
977,-0.486399742
978,-0.430577581
979,-0.373056127
980,-0.314062391
981,-0.253829194
982,-0.192594249
983,-0.130599223
984,-0.068088781
985,-0.005309624
986,0.057490488
987,0.120063711
988,0.182163097
989,0.243543569
990,0.303962886
991,0.3631826
992,0.420968998
993,0.477094024
994,0.531336178
995,0.583481391
996,0.633323869
997,0.680666907
998,0.725323664
999,0.7671179
1000,0.805884672
1001,0.841470985
1002,0.873736397
1003,0.90255357
1004,0.927808777
1005,0.949402346
1006,0.967249058
1007,0.98127848
1008,0.991435244
1009,0.997679266
1010,0.999985904
1011,0.998346054
1012,0.992766189
1013,0.983268329
1014,0.969889958
1015,0.952683874
1016,0.931717983
1017,0.907075026
1018,0.878852258
1019,0.847161063
1020,0.812126509
1021,0.773886863
1022,0.73259304
1023,0.688408006
1024,0.64150614
1025,0.592072543
1026,0.540302306
1027,0.486399742
1028,0.430577581
1029,0.373056127
1030,0.314062391
1031,0.253829194
1032,0.192594249
1033,0.130599223
1034,0.068088781
1035,0.005309624
1036,-0.057490488
1037,-0.120063711
1038,-0.182163097
1039,-0.243543569
1040,-0.303962886
1041,-0.3631826
1042,-0.420968998
1043,-0.477094024
1044,-0.531336178
1045,-0.583481391
1046,-0.633323869
1047,-0.680666907
1048,-0.725323664
1049,-0.7671179
1050,-0.805884672
1051,-0.841470985
1052,-0.873736397
1053,-0.90255357
1054,-0.927808777
1055,-0.949402346
1056,-0.967249058
1057,-0.98127848
1058,-0.991435244
1059,-0.997679266
1060,-0.999985904
1061,-0.998346054
1062,-0.992766189
1063,-0.983268329
1064,-0.969889958
1065,-0.952683874
1066,-0.931717983
1067,-0.907075026
1068,-0.878852258
1069,-0.847161063
1070,-0.812126509
1071,-0.773886863
1072,-0.73259304
1073,-0.688408006
1074,-0.64150614
1075,-0.592072543
1076,-0.540302306
1077,-0.486399742
1078,-0.430577581
1079,-0.373056127
1080,-0.314062391
1081,-0.253829194
1082,-0.192594249
1083,-0.130599223
1084,-0.068088781
1085,-0.005309624
1086,0.057490488
1087,0.120063711
1088,0.182163097
1089,0.243543569
1090,0.303962886
1091,0.3631826
1092,0.420968998
1093,0.477094024
1094,0.531336178
1095,0.583481391
1096,0.633323869
1097,0.680666907
1098,0.725323664
1099,0.7671179
1100,0.805884672
1101,0.841470985
1102,0.873736397
1103,0.90255357
1104,0.927808777
1105,0.949402346
1106,0.967249058
1107,0.98127848
1108,0.991435244
1109,0.997679266
1110,0.999985904
1111,0.998346054
1112,0.992766189
1113,0.983268329
1114,0.969889958
1115,0.952683874
1116,0.931717983
1117,0.907075026
1118,0.878852258
1119,0.847161063
1120,0.812126509
1121,0.773886863
1122,0.73259304
1123,0.688408006
1124,0.64150614
1125,0.592072543
1126,0.540302306
1127,0.486399742
1128,0.430577581
1129,0.373056127
1130,0.314062391
1131,0.253829194
1132,0.192594249
1133,0.130599223
1134,0.068088781
1135,0.005309624
1136,-0.057490488
1137,-0.120063711
1138,-0.182163097
1139,-0.243543569
1140,-0.303962886
1141,-0.3631826
1142,-0.420968998
1143,-0.477094024
1144,-0.531336178
1145,-0.583481391
1146,-0.633323869
1147,-0.680666907
1148,-0.725323664
1149,-0.7671179
1150,-0.805884672
1151,-0.841470985
1152,-0.873736397
1153,-0.90255357
1154,-0.927808777
1155,-0.949402346
1156,-0.967249058
1157,-0.98127848
1158,-0.991435244
1159,-0.997679266
1160,-0.999985904
1161,-0.998346054
1162,-0.992766189
1163,-0.983268329
1164,-0.969889958
1165,-0.952683874
1166,-0.931717983
1167,-0.907075026
1168,-0.878852258
1169,-0.847161063
1170,-0.812126509
1171,-0.773886863
1172,-0.73259304
1173,-0.688408006
1174,-0.64150614
1175,-0.592072543
1176,-0.540302306
1177,-0.486399742
1178,-0.430577581
1179,-0.373056127
1180,-0.314062391
1181,-0.253829194
1182,-0.192594249
1183,-0.130599223
1184,-0.068088781
1185,-0.005309624
1186,0.057490488
1187,0.120063711
1188,0.182163097
1189,0.243543569
1190,0.303962886
1191,0.3631826
1192,0.420968998
1193,0.477094024
1194,0.531336178
1195,0.583481391
1196,0.633323869
1197,0.680666907
1198,0.725323664
1199,0.7671179
1200,0.805884672
1201,0.841470985
1202,0.873736397
1203,0.90255357
1204,0.927808777
1205,0.949402346
1206,0.967249058
1207,0.98127848
1208,0.991435244
1209,0.997679266
1210,0.999985904
1211,0.998346054
1212,0.992766189
1213,0.983268329
1214,0.969889958
1215,0.952683874
1216,0.931717983
1217,0.907075026
1218,0.878852258
1219,0.847161063
1220,0.812126509
1221,0.773886863
1222,0.73259304
1223,0.688408006
1224,0.64150614
1225,0.592072543
1226,0.540302306
1227,0.486399742
1228,0.430577581
1229,0.373056127
1230,0.314062391
1231,0.253829194
1232,0.192594249
1233,0.130599223
1234,0.068088781
1235,0.005309624
1236,-0.057490488
1237,-0.120063711
1238,-0.182163097
1239,-0.243543569
1240,-0.303962886
1241,-0.3631826
1242,-0.420968998
1243,-0.477094024
1244,-0.531336178
1245,-0.583481391
1246,-0.633323869
1247,-0.680666907
1248,-0.725323664
1249,-0.7671179
1250,-0.805884672
1251,-0.841470985
1252,-0.873736397
1253,-0.90255357
1254,-0.927808777
1255,-0.949402346
1256,-0.967249058
1257,-0.98127848
1258,-0.991435244
1259,-0.997679266
1260,-0.999985904
1261,-0.998346054
1262,-0.992766189
1263,-0.983268329
1264,-0.969889958
1265,-0.952683874
1266,-0.931717983
1267,-0.907075026
1268,-0.878852258
1269,-0.847161063
1270,-0.812126509
1271,-0.773886863
1272,-0.73259304
1273,-0.688408006
1274,-0.64150614
1275,-0.592072543
1276,-0.540302306
1277,-0.486399742
1278,-0.430577581
1279,-0.373056127
1280,-0.314062391
1281,-0.253829194
1282,-0.192594249
1283,-0.130599223
1284,-0.068088781
1285,-0.005309624
1286,0.057490488
1287,0.120063711
1288,0.182163097
1289,0.243543569
1290,0.303962886
1291,0.3631826
1292,0.420968998
1293,0.477094024
1294,0.531336178
1295,0.583481391
1296,0.633323869
1297,0.680666907
1298,0.725323664
1299,0.7671179
1300,0.805884672
1301,0.841470985
1302,0.873736397
1303,0.90255357
1304,0.927808777
1305,0.949402346
1306,0.967249058
1307,0.98127848
1308,0.991435244
1309,0.997679266
1310,0.999985904
1311,0.998346054
1312,0.992766189
1313,0.983268329
1314,0.969889958
1315,0.952683874
1316,0.931717983
1317,0.907075026
1318,0.878852258
1319,0.847161063
1320,0.812126509
1321,0.773886863
1322,0.73259304
1323,0.688408006
1324,0.64150614
1325,0.592072543
1326,0.540302306
1327,0.486399742
1328,0.430577581
1329,0.373056127
1330,0.314062391
1331,0.253829194
1332,0.192594249
1333,0.130599223
1334,0.068088781
1335,0.005309624
1336,-0.057490488
1337,-0.120063711
1338,-0.182163097
1339,-0.243543569
1340,-0.303962886
1341,-0.3631826
1342,-0.420968998
1343,-0.477094024
1344,-0.531336178
1345,-0.583481391
1346,-0.633323869
1347,-0.680666907
1348,-0.725323664
1349,-0.7671179
1350,-0.805884672
1351,-0.841470985
1352,-0.873736397
1353,-0.90255357
1354,-0.927808777
1355,-0.949402346
1356,-0.967249058
1357,-0.98127848
1358,-0.991435244
1359,-0.997679266
1360,-0.999985904
1361,-0.998346054
1362,-0.992766189
1363,-0.983268329
1364,-0.969889958
1365,-0.952683874
1366,-0.931717983
1367,-0.907075026
1368,-0.878852258
1369,-0.847161063
1370,-0.812126509
1371,-0.773886863
1372,-0.73259304
1373,-0.688408006
1374,-0.64150614
1375,-0.592072543
1376,-0.540302306
1377,-0.486399742
1378,-0.430577581
1379,-0.373056127
1380,-0.314062391
1381,-0.253829194
1382,-0.192594249
1383,-0.130599223
1384,-0.068088781
1385,-0.005309624
1386,0.057490488
1387,0.120063711
1388,0.182163097
1389,0.243543569
1390,0.303962886
1391,0.3631826
1392,0.420968998
1393,0.477094024
1394,0.531336178
1395,0.583481391
1396,0.633323869
1397,0.680666907
1398,0.725323664
1399,0.7671179
1400,0.805884672
1401,0.841470985
1402,0.873736397
1403,0.90255357
1404,0.927808777
1405,0.949402346
1406,0.967249058
1407,0.98127848
1408,0.991435244
1409,0.997679266
1410,0.999985904
1411,0.998346054
1412,0.992766189
1413,0.983268329
1414,0.969889958
1415,0.952683874
1416,0.931717983
1417,0.907075026
1418,0.878852258
1419,0.847161063
1420,0.812126509
1421,0.773886863
1422,0.73259304
1423,0.688408006
1424,0.64150614
1425,0.592072543
1426,0.540302306
1427,0.486399742
1428,0.430577581
1429,0.373056127
1430,0.314062391
1431,0.253829194
1432,0.192594249
1433,0.130599223
1434,0.068088781
1435,0.005309624
1436,-0.057490488
1437,-0.120063711
1438,-0.182163097
1439,-0.243543569
1440,-0.303962886
1441,-0.3631826
1442,-0.420968998
1443,-0.477094024
1444,-0.531336178
1445,-0.583481391
1446,-0.633323869
1447,-0.680666907
1448,-0.725323664
1449,-0.7671179
1450,-0.805884672
1451,-0.841470985
1452,-0.873736397
1453,-0.90255357
1454,-0.927808777
1455,-0.949402346
1456,-0.967249058
1457,-0.98127848
1458,-0.991435244
1459,-0.997679266
1460,-0.999985904
1461,-0.998346054
1462,-0.992766189
1463,-0.983268329
1464,-0.969889958
1465,-0.952683874
1466,-0.931717983
1467,-0.907075026
1468,-0.878852258
1469,-0.847161063
1470,-0.812126509
1471,-0.773886863
1472,-0.73259304
1473,-0.688408006
1474,-0.64150614
1475,-0.592072543
1476,-0.540302306
1477,-0.486399742
1478,-0.430577581
1479,-0.373056127
1480,-0.314062391
1481,-0.253829194
1482,-0.192594249
1483,-0.130599223
1484,-0.068088781
1485,-0.005309624
1486,0.057490488
1487,0.120063711
1488,0.182163097
1489,0.243543569
1490,0.303962886
1491,0.3631826
1492,0.420968998
1493,0.477094024
1494,0.531336178
1495,0.583481391
1496,0.633323869
1497,0.680666907
1498,0.725323664
1499,0.7671179
1500,0.805884672
1501,0.841470985
1502,0.873736397
1503,0.90255357
1504,0.927808777
1505,0.949402346
1506,0.967249058
1507,0.98127848
1508,0.991435244
1509,0.997679266
1510,0.999985904
1511,0.998346054
1512,0.992766189
1513,0.983268329
1514,0.969889958
1515,0.952683874
1516,0.931717983
1517,0.907075026
1518,0.878852258
1519,0.847161063
1520,0.812126509
1521,0.773886863
1522,0.73259304
1523,0.688408006
1524,0.64150614
1525,0.592072543
1526,0.540302306
1527,0.486399742
1528,0.430577581
1529,0.373056127
1530,0.314062391
1531,0.253829194
1532,0.192594249
1533,0.130599223
1534,0.068088781
1535,0.005309624
1536,-0.057490488
1537,-0.120063711
1538,-0.182163097
1539,-0.243543569
1540,-0.303962886
1541,-0.3631826
1542,-0.420968998
1543,-0.477094024
1544,-0.531336178
1545,-0.583481391
1546,-0.633323869
1547,-0.680666907
1548,-0.725323664
1549,-0.7671179
1550,-0.805884672
1551,-0.841470985
1552,-0.873736397
1553,-0.90255357
1554,-0.927808777
1555,-0.949402346
1556,-0.967249058
1557,-0.98127848
1558,-0.991435244
1559,-0.997679266
1560,-0.999985904
1561,-0.998346054
1562,-0.992766189
1563,-0.983268329
1564,-0.969889958
1565,-0.952683874
1566,-0.931717983
1567,-0.907075026
1568,-0.878852258
1569,-0.847161063
1570,-0.812126509
1571,-0.773886863
1572,-0.73259304
1573,-0.688408006
1574,-0.64150614
1575,-0.592072543
1576,-0.540302306
1577,-0.486399742
1578,-0.430577581
1579,-0.373056127
1580,-0.314062391
1581,-0.253829194
1582,-0.192594249
1583,-0.130599223
1584,-0.068088781
1585,-0.005309624
1586,0.057490488
1587,0.120063711
1588,0.182163097
1589,0.243543569
1590,0.303962886
1591,0.3631826
1592,0.420968998
1593,0.477094024
1594,0.531336178
1595,0.583481391
1596,0.633323869
1597,0.680666907
1598,0.725323664
1599,0.7671179
1600,0.805884672
1601,0.841470985
1602,0.873736397
1603,0.90255357
1604,0.927808777
1605,0.949402346
1606,0.967249058
1607,0.98127848
1608,0.991435244
1609,0.997679266
1610,0.999985904
1611,0.998346054
1612,0.992766189
1613,0.983268329
1614,0.969889958
1615,0.952683874
1616,0.931717983
1617,0.907075026
1618,0.878852258
1619,0.847161063
1620,0.812126509
1621,0.773886863
1622,0.73259304
1623,0.688408006
1624,0.64150614
1625,0.592072543
1626,0.540302306
1627,0.486399742
1628,0.430577581
1629,0.373056127
1630,0.314062391
1631,0.253829194
1632,0.192594249
1633,0.130599223
1634,0.068088781
1635,0.005309624
1636,-0.057490488
1637,-0.120063711
1638,-0.182163097
1639,-0.243543569
1640,-0.303962886
1641,-0.3631826
1642,-0.420968998
1643,-0.477094024
1644,-0.531336178
1645,-0.583481391
1646,-0.633323869
1647,-0.680666907
1648,-0.725323664
1649,-0.7671179
1650,-0.805884672
1651,-0.841470985
1652,-0.873736397
1653,-0.90255357
1654,-0.927808777
1655,-0.949402346
1656,-0.967249058
1657,-0.98127848
1658,-0.991435244
1659,-0.997679266
1660,-0.999985904
1661,-0.998346054
1662,-0.992766189
1663,-0.983268329
1664,-0.969889958
1665,-0.952683874
1666,-0.931717983
1667,-0.907075026
1668,-0.878852258
1669,-0.847161063
1670,-0.812126509
1671,-0.773886863
1672,-0.73259304
1673,-0.688408006
1674,-0.64150614
1675,-0.592072543
1676,-0.540302306
1677,-0.486399742
1678,-0.430577581
1679,-0.373056127
1680,-0.314062391
1681,-0.253829194
1682,-0.192594249
1683,-0.130599223
1684,-0.068088781
1685,-0.005309624
1686,0.057490488
1687,0.120063711
1688,0.182163097
1689,0.243543569
1690,0.303962886
1691,0.3631826
1692,0.420968998
1693,0.477094024
1694,0.531336178
1695,0.583481391
1696,0.633323869
1697,0.680666907
1698,0.725323664
1699,0.7671179
1700,0.805884672
1701,0.841470985
1702,0.873736397
1703,0.90255357
1704,0.927808777
1705,0.949402346
1706,0.967249058
1707,0.98127848
1708,0.991435244
1709,0.997679266
1710,0.999985904
1711,0.998346054
1712,0.992766189
1713,0.983268329
1714,0.969889958
1715,0.952683874
1716,0.931717983
1717,0.907075026
1718,0.878852258
1719,0.847161063
1720,0.812126509
1721,0.773886863
1722,0.73259304
1723,0.688408006
1724,0.64150614
1725,0.592072543
1726,0.540302306
1727,0.486399742
1728,0.430577581
1729,0.373056127
1730,0.314062391
1731,0.253829194
1732,0.192594249
1733,0.130599223
1734,0.068088781
1735,0.005309624
1736,-0.057490488
1737,-0.120063711
1738,-0.182163097
1739,-0.243543569
1740,-0.303962886
1741,-0.3631826
1742,-0.420968998
1743,-0.477094024
1744,-0.531336178
1745,-0.583481391
1746,-0.633323869
1747,-0.680666907
1748,-0.725323664
1749,-0.7671179
1750,-0.805884672
1751,-0.841470985
1752,-0.873736397
1753,-0.90255357
1754,-0.927808777
1755,-0.949402346
1756,-0.967249058
1757,-0.98127848
1758,-0.991435244
1759,-0.997679266
1760,-0.999985904
1761,-0.998346054
1762,-0.992766189
1763,-0.983268329
1764,-0.969889958
1765,-0.952683874
1766,-0.931717983
1767,-0.907075026
1768,-0.878852258
1769,-0.847161063
1770,-0.812126509
1771,-0.773886863
1772,-0.73259304
1773,-0.688408006
1774,-0.64150614
1775,-0.592072543
1776,-0.540302306
1777,-0.486399742
1778,-0.430577581
1779,-0.373056127
1780,-0.314062391
1781,-0.253829194
1782,-0.192594249
1783,-0.130599223
1784,-0.068088781
1785,-0.005309624
1786,0.057490488
1787,0.120063711
1788,0.182163097
1789,0.243543569
1790,0.303962886
1791,0.3631826
1792,0.420968998
1793,0.477094024
1794,0.531336178
1795,0.583481391
1796,0.633323869
1797,0.680666907
1798,0.725323664
1799,0.7671179
1800,0.805884672
1801,0.841470985
1802,0.873736397
1803,0.90255357
1804,0.927808777
1805,0.949402346
1806,0.967249058
1807,0.98127848
1808,0.991435244
1809,0.997679266
1810,0.999985904
1811,0.998346054
1812,0.992766189
1813,0.983268329
1814,0.969889958
1815,0.952683874
1816,0.931717983
1817,0.907075026
1818,0.878852258
1819,0.847161063
1820,0.812126509
1821,0.773886863
1822,0.73259304
1823,0.688408006
1824,0.64150614
1825,0.592072543
1826,0.540302306
1827,0.486399742
1828,0.430577581
1829,0.373056127
1830,0.314062391
1831,0.253829194
1832,0.192594249
1833,0.130599223
1834,0.068088781
1835,0.005309624
1836,-0.057490488
1837,-0.120063711
1838,-0.182163097
1839,-0.243543569
1840,-0.303962886
1841,-0.3631826
1842,-0.420968998
1843,-0.477094024
1844,-0.531336178
1845,-0.583481391
1846,-0.633323869
1847,-0.680666907
1848,-0.725323664
1849,-0.7671179
1850,-0.805884672
1851,-0.841470985
1852,-0.873736397
1853,-0.90255357
1854,-0.927808777
1855,-0.949402346
1856,-0.967249058
1857,-0.98127848
1858,-0.991435244
1859,-0.997679266
1860,-0.999985904
1861,-0.998346054
1862,-0.992766189
1863,-0.983268329
1864,-0.969889958
1865,-0.952683874
1866,-0.931717983
1867,-0.907075026
1868,-0.878852258
1869,-0.847161063
1870,-0.812126509
1871,-0.773886863
1872,-0.73259304
1873,-0.688408006
1874,-0.64150614
1875,-0.592072543
1876,-0.540302306
1877,-0.486399742
1878,-0.430577581
1879,-0.373056127
1880,-0.314062391
1881,-0.253829194
1882,-0.192594249
1883,-0.130599223
1884,-0.068088781
1885,-0.005309624
1886,0.057490488
1887,0.120063711
1888,0.182163097
1889,0.243543569
1890,0.303962886
1891,0.3631826
1892,0.420968998
1893,0.477094024
1894,0.531336178
1895,0.583481391
1896,0.633323869
1897,0.680666907
1898,0.725323664
1899,0.7671179
1900,0.805884672
1901,0.841470985
1902,0.873736397
1903,0.90255357
1904,0.927808777
1905,0.949402346
1906,0.967249058
1907,0.98127848
1908,0.991435244
1909,0.997679266
1910,0.999985904
1911,0.998346054
1912,0.992766189
1913,0.983268329
1914,0.969889958
1915,0.952683874
1916,0.931717983
1917,0.907075026
1918,0.878852258
1919,0.847161063
1920,0.812126509
1921,0.773886863
1922,0.73259304
1923,0.688408006
1924,0.64150614
1925,0.592072543
1926,0.540302306
1927,0.486399742
1928,0.430577581
1929,0.373056127
1930,0.314062391
1931,0.253829194
1932,0.192594249
1933,0.130599223
1934,0.068088781
1935,0.005309624
1936,-0.057490488
1937,-0.120063711
1938,-0.182163097
1939,-0.243543569
1940,-0.303962886
1941,-0.3631826
1942,-0.420968998
1943,-0.477094024
1944,-0.531336178
1945,-0.583481391
1946,-0.633323869
1947,-0.680666907
1948,-0.725323664
1949,-0.7671179
1950,-0.805884672
1951,-0.841470985
1952,-0.873736397
1953,-0.90255357
1954,-0.927808777
1955,-0.949402346
1956,-0.967249058
1957,-0.98127848
1958,-0.991435244
1959,-0.997679266
1960,-0.999985904
1961,-0.998346054
1962,-0.992766189
1963,-0.983268329
1964,-0.969889958
1965,-0.952683874
1966,-0.931717983
1967,-0.907075026
1968,-0.878852258
1969,-0.847161063
1970,-0.812126509
1971,-0.773886863
1972,-0.73259304
1973,-0.688408006
1974,-0.64150614
1975,-0.592072543
1976,-0.540302306
1977,-0.486399742
1978,-0.430577581
1979,-0.373056127
1980,-0.314062391
1981,-0.253829194
1982,-0.192594249
1983,-0.130599223
1984,-0.068088781
1985,-0.005309624
1986,0.057490488
1987,0.120063711
1988,0.182163097
1989,0.243543569
1990,0.303962886
1991,0.3631826
1992,0.420968998
1993,0.477094024
1994,0.531336178
1995,0.583481391
1996,0.633323869
1997,0.680666907
1998,0.725323664
1999,0.7671179
2000,0.805884672
2001,0.841470985
2002,0.873736397
2003,0.90255357
2004,0.927808777
2005,0.949402346
2006,0.967249058
2007,0.98127848
2008,0.991435244
2009,0.997679266
2010,0.999985904
2011,0.998346054
2012,0.992766189
2013,0.983268329
2014,0.969889958
2015,0.952683874
2016,0.931717983
2017,0.907075026
2018,0.878852258
2019,0.847161063
2020,0.812126509
2021,0.773886863
2022,0.73259304
2023,0.688408006
2024,0.64150614
2025,0.592072543
2026,0.540302306
2027,0.486399742
2028,0.430577581
2029,0.373056127
2030,0.314062391
2031,0.253829194
2032,0.192594249
2033,0.130599223
2034,0.068088781
2035,0.005309624
2036,-0.057490488
2037,-0.120063711
2038,-0.182163097
2039,-0.243543569
2040,-0.303962886
2041,-0.3631826
2042,-0.420968998
2043,-0.477094024
2044,-0.531336178
2045,-0.583481391
2046,-0.633323869
2047,-0.680666907
2048,-0.725323664
2049,-0.7671179
2050,-0.805884672
2051,-0.841470985
2052,-0.873736397
2053,-0.90255357
2054,-0.927808777
2055,-0.949402346
2056,-0.967249058
2057,-0.98127848
2058,-0.991435244
2059,-0.997679266
2060,-0.999985904
2061,-0.998346054
2062,-0.992766189
2063,-0.983268329
2064,-0.969889958
2065,-0.952683874
2066,-0.931717983
2067,-0.907075026
2068,-0.878852258
2069,-0.847161063
2070,-0.812126509
2071,-0.773886863
2072,-0.73259304
2073,-0.688408006
2074,-0.64150614
2075,-0.592072543
2076,-0.540302306
2077,-0.486399742
2078,-0.430577581
2079,-0.373056127
2080,-0.314062391
2081,-0.253829194
2082,-0.192594249
2083,-0.130599223
2084,-0.068088781
2085,-0.005309624
2086,0.057490488
2087,0.120063711
2088,0.182163097
2089,0.243543569
2090,0.303962886
2091,0.3631826
2092,0.420968998
2093,0.477094024
2094,0.531336178
2095,0.583481391
2096,0.633323869
2097,0.680666907
2098,0.725323664
2099,0.7671179
2100,0.805884672
2101,0.841470985
2102,0.873736397
2103,0.90255357
2104,0.927808777
2105,0.949402346
2106,0.967249058
2107,0.98127848
2108,0.991435244
2109,0.997679266
2110,0.999985904
2111,0.998346054
2112,0.992766189
2113,0.983268329
2114,0.969889958
2115,0.952683874
2116,0.931717983
2117,0.907075026
2118,0.878852258
2119,0.847161063
2120,0.812126509
2121,0.773886863
2122,0.73259304
2123,0.688408006
2124,0.64150614
2125,0.592072543
2126,0.540302306
2127,0.486399742
2128,0.430577581
2129,0.373056127
2130,0.314062391
2131,0.253829194
2132,0.192594249
2133,0.130599223
2134,0.068088781
2135,0.005309624
2136,-0.057490488
2137,-0.120063711
2138,-0.182163097
2139,-0.243543569
2140,-0.303962886
2141,-0.3631826
2142,-0.420968998
2143,-0.477094024
2144,-0.531336178
2145,-0.583481391
2146,-0.633323869
2147,-0.680666907
2148,-0.725323664
2149,-0.7671179
2150,-0.805884672
2151,-0.841470985
2152,-0.873736397
2153,-0.90255357
2154,-0.927808777
2155,-0.949402346
2156,-0.967249058
2157,-0.98127848
2158,-0.991435244
2159,-0.997679266
2160,-0.999985904
2161,-0.998346054
2162,-0.992766189
2163,-0.983268329
2164,-0.969889958
2165,-0.952683874
2166,-0.931717983
2167,-0.907075026
2168,-0.878852258
2169,-0.847161063
2170,-0.812126509
2171,-0.773886863
2172,-0.73259304
2173,-0.688408006
2174,-0.64150614
2175,-0.592072543
2176,-0.540302306
2177,-0.486399742
2178,-0.430577581
2179,-0.373056127
2180,-0.314062391
2181,-0.253829194
2182,-0.192594249
2183,-0.130599223
2184,-0.068088781
2185,-0.005309624
2186,0.057490488
2187,0.120063711
2188,0.182163097
2189,0.243543569
2190,0.303962886
2191,0.3631826
2192,0.420968998
2193,0.477094024
2194,0.531336178
2195,0.583481391
2196,0.633323869
2197,0.680666907
2198,0.725323664
2199,0.7671179
2200,0.805884672
2201,0.841470985
2202,0.873736397
2203,0.90255357
2204,0.927808777
2205,0.949402346
2206,0.967249058
2207,0.98127848
2208,0.991435244
2209,0.997679266
2210,0.999985904
2211,0.998346054
2212,0.992766189
2213,0.983268329
2214,0.969889958
2215,0.952683874
2216,0.931717983
2217,0.907075026
2218,0.878852258
2219,0.847161063
2220,0.812126509
2221,0.773886863
2222,0.73259304
2223,0.688408006
2224,0.64150614
2225,0.592072543
2226,0.540302306
2227,0.486399742
2228,0.430577581
2229,0.373056127
2230,0.314062391
2231,0.253829194
2232,0.192594249
2233,0.130599223
2234,0.068088781
2235,0.005309624
2236,-0.057490488
2237,-0.120063711
2238,-0.182163097
2239,-0.243543569
2240,-0.303962886
2241,-0.3631826
2242,-0.420968998
2243,-0.477094024
2244,-0.531336178
2245,-0.583481391
2246,-0.633323869
2247,-0.680666907
2248,-0.725323664
2249,-0.7671179
2250,-0.805884672
2251,-0.841470985
2252,-0.873736397
2253,-0.90255357
2254,-0.927808777
2255,-0.949402346
2256,-0.967249058
2257,-0.98127848
2258,-0.991435244
2259,-0.997679266
2260,-0.999985904
2261,-0.998346054
2262,-0.992766189
2263,-0.983268329
2264,-0.969889958
2265,-0.952683874
2266,-0.931717983
2267,-0.907075026
2268,-0.878852258
2269,-0.847161063
2270,-0.812126509
2271,-0.773886863
2272,-0.73259304
2273,-0.688408006
2274,-0.64150614
2275,-0.592072543
2276,-0.540302306
2277,-0.486399742
2278,-0.430577581
2279,-0.373056127
2280,-0.314062391
2281,-0.253829194
2282,-0.192594249
2283,-0.130599223
2284,-0.068088781
2285,-0.005309624
2286,0.057490488
2287,0.120063711
2288,0.182163097
2289,0.243543569
2290,0.303962886
2291,0.3631826
2292,0.420968998
2293,0.477094024
2294,0.531336178
2295,0.583481391
2296,0.633323869
2297,0.680666907
2298,0.725323664
2299,0.7671179
2300,0.805884672
2301,0.841470985
2302,0.873736397
2303,0.90255357
2304,0.927808777
2305,0.949402346
2306,0.967249058
2307,0.98127848
2308,0.991435244
2309,0.997679266
2310,0.999985904
2311,0.998346054
2312,0.992766189
2313,0.983268329
2314,0.969889958
2315,0.952683874
2316,0.931717983
2317,0.907075026
2318,0.878852258
2319,0.847161063
2320,0.812126509
2321,0.773886863
2322,0.73259304
2323,0.688408006
2324,0.64150614
2325,0.592072543
2326,0.540302306
2327,0.486399742
2328,0.430577581
2329,0.373056127
2330,0.314062391
2331,0.253829194
2332,0.192594249
2333,0.130599223
2334,0.068088781
2335,0.005309624
2336,-0.057490488
2337,-0.120063711
2338,-0.182163097
2339,-0.243543569
2340,-0.303962886
2341,-0.3631826
2342,-0.420968998
2343,-0.477094024
2344,-0.531336178
2345,-0.583481391
2346,-0.633323869
2347,-0.680666907
2348,-0.725323664
2349,-0.7671179
2350,-0.805884672
2351,-0.841470985
2352,-0.873736397
2353,-0.90255357
2354,-0.927808777
2355,-0.949402346
2356,-0.967249058
2357,-0.98127848
2358,-0.991435244
2359,-0.997679266
2360,-0.999985904
2361,-0.998346054
2362,-0.992766189
2363,-0.983268329
2364,-0.969889958
2365,-0.952683874
2366,-0.931717983
2367,-0.907075026
2368,-0.878852258
2369,-0.847161063
2370,-0.812126509
2371,-0.773886863
2372,-0.73259304
2373,-0.688408006
2374,-0.64150614
2375,-0.592072543
2376,-0.540302306
2377,-0.486399742
2378,-0.430577581
2379,-0.373056127
2380,-0.314062391
2381,-0.253829194
2382,-0.192594249
2383,-0.130599223
2384,-0.068088781
2385,-0.005309624
2386,0.057490488
2387,0.120063711
2388,0.182163097
2389,0.243543569
2390,0.303962886
2391,0.3631826
2392,0.420968998
2393,0.477094024
2394,0.531336178
2395,0.583481391
2396,0.633323869
2397,0.680666907
2398,0.725323664
2399,0.7671179
2400,0.805884672
2401,0.841470985
2402,0.873736397
2403,0.90255357
2404,0.927808777
2405,0.949402346
2406,0.967249058
2407,0.98127848
2408,0.991435244
2409,0.997679266
2410,0.999985904
2411,0.998346054
2412,0.992766189
2413,0.983268329
2414,0.969889958
2415,0.952683874
2416,0.931717983
2417,0.907075026
2418,0.878852258
2419,0.847161063
2420,0.812126509
2421,0.773886863
2422,0.73259304
2423,0.688408006
2424,0.64150614
2425,0.592072543
2426,0.540302306
2427,0.486399742
2428,0.430577581
2429,0.373056127
2430,0.314062391
2431,0.253829194
2432,0.192594249
2433,0.130599223
2434,0.068088781
2435,0.005309624
2436,-0.057490488
2437,-0.120063711
2438,-0.182163097
2439,-0.243543569
2440,-0.303962886
2441,-0.3631826
2442,-0.420968998
2443,-0.477094024
2444,-0.531336178
2445,-0.583481391
2446,-0.633323869
2447,-0.680666907
2448,-0.725323664
2449,-0.7671179
2450,-0.805884672
2451,-0.841470985
2452,-0.873736397
2453,-0.90255357
2454,-0.927808777
2455,-0.949402346
2456,-0.967249058
2457,-0.98127848
2458,-0.991435244
2459,-0.997679266
2460,-0.999985904
2461,-0.998346054
2462,-0.992766189
2463,-0.983268329
2464,-0.969889958
2465,-0.952683874
2466,-0.931717983
2467,-0.907075026
2468,-0.878852258
2469,-0.847161063
2470,-0.812126509
2471,-0.773886863
2472,-0.73259304
2473,-0.688408006
2474,-0.64150614
2475,-0.592072543
2476,-0.540302306
2477,-0.486399742
2478,-0.430577581
2479,-0.373056127
2480,-0.314062391
2481,-0.253829194
2482,-0.192594249
2483,-0.130599223
2484,-0.068088781
2485,-0.005309624
2486,0.057490488
2487,0.120063711
2488,0.182163097
2489,0.243543569
2490,0.303962886
2491,0.3631826
2492,0.420968998
2493,0.477094024
2494,0.531336178
2495,0.583481391
2496,0.633323869
2497,0.680666907
2498,0.725323664
2499,0.7671179
2500,0.805884672
2501,0.841470985
2502,0.873736397
2503,0.90255357
2504,0.927808777
2505,0.949402346
2506,0.967249058
2507,0.98127848
2508,0.991435244
2509,0.997679266
2510,0.999985904
2511,0.998346054
2512,0.992766189
2513,0.983268329
2514,0.969889958
2515,0.952683874
2516,0.931717983
2517,0.907075026
2518,0.878852258
2519,0.847161063
2520,0.812126509
2521,0.773886863
2522,0.73259304
2523,0.688408006
2524,0.64150614
2525,0.592072543
2526,0.540302306
2527,0.486399742
2528,0.430577581
2529,0.373056127
2530,0.314062391
2531,0.253829194
2532,0.192594249
2533,0.130599223
2534,0.068088781
2535,0.005309624
2536,-0.057490488
2537,-0.120063711
2538,-0.182163097
2539,-0.243543569
2540,-0.303962886
2541,-0.3631826
2542,-0.420968998
2543,-0.477094024
2544,-0.531336178
2545,-0.583481391
2546,-0.633323869
2547,-0.680666907
2548,-0.725323664
2549,-0.7671179
2550,-0.805884672
2551,-0.841470985
2552,-0.873736397
2553,-0.90255357
2554,-0.927808777
2555,-0.949402346
2556,-0.967249058
2557,-0.98127848
2558,-0.991435244
2559,-0.997679266
2560,-0.999985904
2561,-0.998346054
2562,-0.992766189
2563,-0.983268329
2564,-0.969889958
2565,-0.952683874
2566,-0.931717983
2567,-0.907075026
2568,-0.878852258
2569,-0.847161063
2570,-0.812126509
2571,-0.773886863
2572,-0.73259304
2573,-0.688408006
2574,-0.64150614
2575,-0.592072543
2576,-0.540302306
2577,-0.486399742
2578,-0.430577581
2579,-0.373056127
2580,-0.314062391
2581,-0.253829194
2582,-0.192594249
2583,-0.130599223
2584,-0.068088781
2585,-0.005309624
2586,0.057490488
2587,0.120063711
2588,0.182163097
2589,0.243543569
2590,0.303962886
2591,0.3631826
2592,0.420968998
2593,0.477094024
2594,0.531336178
2595,0.583481391
2596,0.633323869
2597,0.680666907
2598,0.725323664
2599,0.7671179
2600,0.805884672
2601,0.841470985
2602,0.873736397
2603,0.90255357
2604,0.927808777
2605,0.949402346
2606,0.967249058
2607,0.98127848
2608,0.991435244
2609,0.997679266
2610,0.999985904
2611,0.998346054
2612,0.992766189
2613,0.983268329
2614,0.969889958
2615,0.952683874
2616,0.931717983
2617,0.907075026
2618,0.878852258
2619,0.847161063
2620,0.812126509
2621,0.773886863
2622,0.73259304
2623,0.688408006
2624,0.64150614
2625,0.592072543
2626,0.540302306
2627,0.486399742
2628,0.430577581
2629,0.373056127
2630,0.314062391
2631,0.253829194
2632,0.192594249
2633,0.130599223
2634,0.068088781
2635,0.005309624
2636,-0.057490488
2637,-0.120063711
2638,-0.182163097
2639,-0.243543569
2640,-0.303962886
2641,-0.3631826
2642,-0.420968998
2643,-0.477094024
2644,-0.531336178
2645,-0.583481391
2646,-0.633323869
2647,-0.680666907
2648,-0.725323664
2649,-0.7671179
2650,-0.805884672
2651,-0.841470985
2652,-0.873736397
2653,-0.90255357
2654,-0.927808777
2655,-0.949402346
2656,-0.967249058
2657,-0.98127848
2658,-0.991435244
2659,-0.997679266
2660,-0.999985904
2661,-0.998346054
2662,-0.992766189
2663,-0.983268329
2664,-0.969889958
2665,-0.952683874
2666,-0.931717983
2667,-0.907075026
2668,-0.878852258
2669,-0.847161063
2670,-0.812126509
2671,-0.773886863
2672,-0.73259304
2673,-0.688408006
2674,-0.64150614
2675,-0.592072543
2676,-0.540302306
2677,-0.486399742
2678,-0.430577581
2679,-0.373056127
2680,-0.314062391
2681,-0.253829194
2682,-0.192594249
2683,-0.130599223
2684,-0.068088781
2685,-0.005309624
2686,0.057490488
2687,0.120063711
2688,0.182163097
2689,0.243543569
2690,0.303962886
2691,0.3631826
2692,0.420968998
2693,0.477094024
2694,0.531336178
2695,0.583481391
2696,0.633323869
2697,0.680666907
2698,0.725323664
2699,0.7671179
2700,0.805884672
2701,0.841470985
2702,0.873736397
2703,0.90255357
2704,0.927808777
2705,0.949402346
2706,0.967249058
2707,0.98127848
2708,0.991435244
2709,0.997679266
2710,0.999985904
2711,0.998346054
2712,0.992766189
2713,0.983268329
2714,0.969889958
2715,0.952683874
2716,0.931717983
2717,0.907075026
2718,0.878852258
2719,0.847161063
2720,0.812126509
2721,0.773886863
2722,0.73259304
2723,0.688408006
2724,0.64150614
2725,0.592072543
2726,0.540302306
2727,0.486399742
2728,0.430577581
2729,0.373056127
2730,0.314062391
2731,0.253829194
2732,0.192594249
2733,0.130599223
2734,0.068088781
2735,0.005309624
2736,-0.057490488
2737,-0.120063711
2738,-0.182163097
2739,-0.243543569
2740,-0.303962886
2741,-0.3631826
2742,-0.420968998
2743,-0.477094024
2744,-0.531336178
2745,-0.583481391
2746,-0.633323869
2747,-0.680666907
2748,-0.725323664
2749,-0.7671179
2750,-0.805884672
2751,-0.841470985
2752,-0.873736397
2753,-0.90255357
2754,-0.927808777
2755,-0.949402346
2756,-0.967249058
2757,-0.98127848
2758,-0.991435244
2759,-0.997679266
2760,-0.999985904
2761,-0.998346054
2762,-0.992766189
2763,-0.983268329
2764,-0.969889958
2765,-0.952683874
2766,-0.931717983
2767,-0.907075026
2768,-0.878852258
2769,-0.847161063
2770,-0.812126509
2771,-0.773886863
2772,-0.73259304
2773,-0.688408006
2774,-0.64150614
2775,-0.592072543
2776,-0.540302306
2777,-0.486399742
2778,-0.430577581
2779,-0.373056127
2780,-0.314062391
2781,-0.253829194
2782,-0.192594249
2783,-0.130599223
2784,-0.068088781
2785,-0.005309624
2786,0.057490488
2787,0.120063711
2788,0.182163097
2789,0.243543569
2790,0.303962886
2791,0.3631826
2792,0.420968998
2793,0.477094024
2794,0.531336178
2795,0.583481391
2796,0.633323869
2797,0.680666907
2798,0.725323664
2799,0.7671179
2800,0.805884672
2801,0.841470985
2802,0.873736397
2803,0.90255357
2804,0.927808777
2805,0.949402346
2806,0.967249058
2807,0.98127848
2808,0.991435244
2809,0.997679266
2810,0.999985904
2811,0.998346054
2812,0.992766189
2813,0.983268329
2814,0.969889958
2815,0.952683874
2816,0.931717983
2817,0.907075026
2818,0.878852258
2819,0.847161063
2820,0.812126509
2821,0.773886863
2822,0.73259304
2823,0.688408006
2824,0.64150614
2825,0.592072543
2826,0.540302306
2827,0.486399742
2828,0.430577581
2829,0.373056127
2830,0.314062391
2831,0.253829194
2832,0.192594249
2833,0.130599223
2834,0.068088781
2835,0.005309624
2836,-0.057490488
2837,-0.120063711
2838,-0.182163097
2839,-0.243543569
2840,-0.303962886
2841,-0.3631826
2842,-0.420968998
2843,-0.477094024
2844,-0.531336178
2845,-0.583481391
2846,-0.633323869
2847,-0.680666907
2848,-0.725323664
2849,-0.7671179
2850,-0.805884672
2851,-0.841470985
2852,-0.873736397
2853,-0.90255357
2854,-0.927808777
2855,-0.949402346
2856,-0.967249058
2857,-0.98127848
2858,-0.991435244
2859,-0.997679266
2860,-0.999985904
2861,-0.998346054
2862,-0.992766189
2863,-0.983268329
2864,-0.969889958
2865,-0.952683874
2866,-0.931717983
2867,-0.907075026
2868,-0.878852258
2869,-0.847161063
2870,-0.812126509
2871,-0.773886863
2872,-0.73259304
2873,-0.688408006
2874,-0.64150614
2875,-0.592072543
2876,-0.540302306
2877,-0.486399742
2878,-0.430577581
2879,-0.373056127
2880,-0.314062391
2881,-0.253829194
2882,-0.192594249
2883,-0.130599223
2884,-0.068088781
2885,-0.005309624
2886,0.057490488
2887,0.120063711
2888,0.182163097
2889,0.243543569
2890,0.303962886
2891,0.3631826
2892,0.420968998
2893,0.477094024
2894,0.531336178
2895,0.583481391
2896,0.633323869
2897,0.680666907
2898,0.725323664
2899,0.7671179
2900,0.805884672
2901,0.841470985
2902,0.873736397
2903,0.90255357
2904,0.927808777
2905,0.949402346
2906,0.967249058
2907,0.98127848
2908,0.991435244
2909,0.997679266
2910,0.999985904
2911,0.998346054
2912,0.992766189
2913,0.983268329
2914,0.969889958
2915,0.952683874
2916,0.931717983
2917,0.907075026
2918,0.878852258
2919,0.847161063
2920,0.812126509
2921,0.773886863
2922,0.73259304
2923,0.688408006
2924,0.64150614
2925,0.592072543
2926,0.540302306
2927,0.486399742
2928,0.430577581
2929,0.373056127
2930,0.314062391
2931,0.253829194
2932,0.192594249
2933,0.130599223
2934,0.068088781
2935,0.005309624
2936,-0.057490488
2937,-0.120063711
2938,-0.182163097
2939,-0.243543569
2940,-0.303962886
2941,-0.3631826
2942,-0.420968998
2943,-0.477094024
2944,-0.531336178
2945,-0.583481391
2946,-0.633323869
2947,-0.680666907
2948,-0.725323664
2949,-0.7671179
2950,-0.805884672
2951,-0.841470985
2952,-0.873736397
2953,-0.90255357
2954,-0.927808777
2955,-0.949402346
2956,-0.967249058
2957,-0.98127848
2958,-0.991435244
2959,-0.997679266
2960,-0.999985904
2961,-0.998346054
2962,-0.992766189
2963,-0.983268329
2964,-0.969889958
2965,-0.952683874
2966,-0.931717983
2967,-0.907075026
2968,-0.878852258
2969,-0.847161063
2970,-0.812126509
2971,-0.773886863
2972,-0.73259304
2973,-0.688408006
2974,-0.64150614
2975,-0.592072543
2976,-0.540302306
2977,-0.486399742
2978,-0.430577581
2979,-0.373056127
2980,-0.314062391
2981,-0.253829194
2982,-0.192594249
2983,-0.130599223
2984,-0.068088781
2985,-0.005309624
2986,0.057490488
2987,0.120063711
2988,0.182163097
2989,0.243543569
2990,0.303962886
2991,0.3631826
2992,0.420968998
2993,0.477094024
2994,0.531336178
2995,0.583481391
2996,0.633323869
2997,0.680666907
2998,0.725323664
2999,0.7671179
3000,0.805884672
3001,0.841470985
3002,0.873736397
3003,0.90255357
3004,0.927808777
3005,0.949402346
3006,0.967249058
3007,0.98127848
3008,0.991435244
3009,0.997679266
3010,0.999985904
3011,0.998346054
3012,0.992766189
3013,0.983268329
3014,0.969889958
3015,0.952683874
3016,0.931717983
3017,0.907075026
3018,0.878852258
3019,0.847161063
3020,0.812126509
3021,0.773886863
3022,0.73259304
3023,0.688408006
3024,0.64150614
3025,0.592072543
3026,0.540302306
3027,0.486399742
3028,0.430577581
3029,0.373056127
3030,0.314062391
3031,0.253829194
3032,0.192594249
3033,0.130599223
3034,0.068088781
3035,0.005309624
3036,-0.057490488
3037,-0.120063711
3038,-0.182163097
3039,-0.243543569
3040,-0.303962886
3041,-0.3631826
3042,-0.420968998
3043,-0.477094024
3044,-0.531336178
3045,-0.583481391
3046,-0.633323869
3047,-0.680666907
3048,-0.725323664
3049,-0.7671179
3050,-0.805884672
3051,-0.841470985
3052,-0.873736397
3053,-0.90255357
3054,-0.927808777
3055,-0.949402346
3056,-0.967249058
3057,-0.98127848
3058,-0.991435244
3059,-0.997679266
3060,-0.999985904
3061,-0.998346054
3062,-0.992766189
3063,-0.983268329
3064,-0.969889958
3065,-0.952683874
3066,-0.931717983
3067,-0.907075026
3068,-0.878852258
3069,-0.847161063
3070,-0.812126509
3071,-0.773886863
3072,-0.73259304
3073,-0.688408006
3074,-0.64150614
3075,-0.592072543
3076,-0.540302306
3077,-0.486399742
3078,-0.430577581
3079,-0.373056127
3080,-0.314062391
3081,-0.253829194
3082,-0.192594249
3083,-0.130599223
3084,-0.068088781
3085,-0.005309624
3086,0.057490488
3087,0.120063711
3088,0.182163097
3089,0.243543569
3090,0.303962886
3091,0.3631826
3092,0.420968998
3093,0.477094024
3094,0.531336178
3095,0.583481391
3096,0.633323869
3097,0.680666907
3098,0.725323664
3099,0.7671179
3100,0.805884672
3101,0.841470985
3102,0.873736397
3103,0.90255357
3104,0.927808777
3105,0.949402346
3106,0.967249058
3107,0.98127848
3108,0.991435244
3109,0.997679266
3110,0.999985904
3111,0.998346054
3112,0.992766189
3113,0.983268329
3114,0.969889958
3115,0.952683874
3116,0.931717983
3117,0.907075026
3118,0.878852258
3119,0.847161063
3120,0.812126509
3121,0.773886863
3122,0.73259304
3123,0.688408006
3124,0.64150614
3125,0.592072543
3126,0.540302306
3127,0.486399742
3128,0.430577581
3129,0.373056127
3130,0.314062391
3131,0.253829194
3132,0.192594249
3133,0.130599223
3134,0.068088781
3135,0.005309624
3136,-0.057490488
3137,-0.120063711
3138,-0.182163097
3139,-0.243543569
3140,-0.303962886
3141,-0.3631826
3142,-0.420968998
3143,-0.477094024
3144,-0.531336178
3145,-0.583481391
3146,-0.633323869
3147,-0.680666907
3148,-0.725323664
3149,-0.7671179
3150,-0.805884672
3151,-0.841470985
3152,-0.873736397
3153,-0.90255357
3154,-0.927808777
3155,-0.949402346
3156,-0.967249058
3157,-0.98127848
3158,-0.991435244
3159,-0.997679266
3160,-0.999985904
3161,-0.998346054
3162,-0.992766189
3163,-0.983268329
3164,-0.969889958
3165,-0.952683874
3166,-0.931717983
3167,-0.907075026
3168,-0.878852258
3169,-0.847161063
3170,-0.812126509
3171,-0.773886863
3172,-0.73259304
3173,-0.688408006
3174,-0.64150614
3175,-0.592072543
3176,-0.540302306
3177,-0.486399742
3178,-0.430577581
3179,-0.373056127
3180,-0.314062391
3181,-0.253829194
3182,-0.192594249
3183,-0.130599223
3184,-0.068088781
3185,-0.005309624
3186,0.057490488
3187,0.120063711
3188,0.182163097
3189,0.243543569
3190,0.303962886
3191,0.3631826
3192,0.420968998
3193,0.477094024
3194,0.531336178
3195,0.583481391
3196,0.633323869
3197,0.680666907
3198,0.725323664
3199,0.7671179
3200,0.805884672
3201,0.841470985
3202,0.873736397
3203,0.90255357
3204,0.927808777
3205,0.949402346
3206,0.967249058
3207,0.98127848
3208,0.991435244
3209,0.997679266
3210,0.999985904
3211,0.998346054
3212,0.992766189
3213,0.983268329
3214,0.969889958
3215,0.952683874
3216,0.931717983
3217,0.907075026
3218,0.878852258
3219,0.847161063
3220,0.812126509
3221,0.773886863
3222,0.73259304
3223,0.688408006
3224,0.64150614
3225,0.592072543
3226,0.540302306
3227,0.486399742
3228,0.430577581
3229,0.373056127
3230,0.314062391
3231,0.253829194
3232,0.192594249
3233,0.130599223
3234,0.068088781
3235,0.005309624
3236,-0.057490488
3237,-0.120063711
3238,-0.182163097
3239,-0.243543569
3240,-0.303962886
3241,-0.3631826
3242,-0.420968998
3243,-0.477094024
3244,-0.531336178
3245,-0.583481391
3246,-0.633323869
3247,-0.680666907
3248,-0.725323664
3249,-0.7671179
3250,-0.805884672
3251,-0.841470985
3252,-0.873736397
3253,-0.90255357
3254,-0.927808777
3255,-0.949402346
3256,-0.967249058
3257,-0.98127848
3258,-0.991435244
3259,-0.997679266
3260,-0.999985904
3261,-0.998346054
3262,-0.992766189
3263,-0.983268329
3264,-0.969889958
3265,-0.952683874
3266,-0.931717983
3267,-0.907075026
3268,-0.878852258
3269,-0.847161063
3270,-0.812126509
3271,-0.773886863
3272,-0.73259304
3273,-0.688408006
3274,-0.64150614
3275,-0.592072543
3276,-0.540302306
3277,-0.486399742
3278,-0.430577581
3279,-0.373056127
3280,-0.314062391
3281,-0.253829194
3282,-0.192594249
3283,-0.130599223
3284,-0.068088781
3285,-0.005309624
3286,0.057490488
3287,0.120063711
3288,0.182163097
3289,0.243543569
3290,0.303962886
3291,0.3631826
3292,0.420968998
3293,0.477094024
3294,0.531336178
3295,0.583481391
3296,0.633323869
3297,0.680666907
3298,0.725323664
3299,0.7671179
3300,0.805884672
3301,0.841470985
3302,0.873736397
3303,0.90255357
3304,0.927808777
3305,0.949402346
3306,0.967249058
3307,0.98127848
3308,0.991435244
3309,0.997679266
3310,0.999985904
3311,0.998346054
3312,0.992766189
3313,0.983268329
3314,0.969889958
3315,0.952683874
3316,0.931717983
3317,0.907075026
3318,0.878852258
3319,0.847161063
3320,0.812126509
3321,0.773886863
3322,0.73259304
3323,0.688408006
3324,0.64150614
3325,0.592072543
3326,0.540302306
3327,0.486399742
3328,0.430577581
3329,0.373056127
3330,0.314062391
3331,0.253829194
3332,0.192594249
3333,0.130599223
3334,0.068088781
3335,0.005309624
3336,-0.057490488
3337,-0.120063711
3338,-0.182163097
3339,-0.243543569
3340,-0.303962886
3341,-0.3631826
3342,-0.420968998
3343,-0.477094024
3344,-0.531336178
3345,-0.583481391
3346,-0.633323869
3347,-0.680666907
3348,-0.725323664
3349,-0.7671179
3350,-0.805884672
3351,-0.841470985
3352,-0.873736397
3353,-0.90255357
3354,-0.927808777
3355,-0.949402346
3356,-0.967249058
3357,-0.98127848
3358,-0.991435244
3359,-0.997679266
3360,-0.999985904
3361,-0.998346054
3362,-0.992766189
3363,-0.983268329
3364,-0.969889958
3365,-0.952683874
3366,-0.931717983
3367,-0.907075026
3368,-0.878852258
3369,-0.847161063
3370,-0.812126509
3371,-0.773886863
3372,-0.73259304
3373,-0.688408006
3374,-0.64150614
3375,-0.592072543
3376,-0.540302306
3377,-0.486399742
3378,-0.430577581
3379,-0.373056127
3380,-0.314062391
3381,-0.253829194
3382,-0.192594249
3383,-0.130599223
3384,-0.068088781
3385,-0.005309624
3386,0.057490488
3387,0.120063711
3388,0.182163097
3389,0.243543569
3390,0.303962886
3391,0.3631826
3392,0.420968998
3393,0.477094024
3394,0.531336178
3395,0.583481391
3396,0.633323869
3397,0.680666907
3398,0.725323664
3399,0.7671179
3400,0.805884672
3401,0.841470985
3402,0.873736397
3403,0.90255357
3404,0.927808777
3405,0.949402346
3406,0.967249058
3407,0.98127848
3408,0.991435244
3409,0.997679266
3410,0.999985904
3411,0.998346054
3412,0.992766189
3413,0.983268329
3414,0.969889958
3415,0.952683874
3416,0.931717983
3417,0.907075026
3418,0.878852258
3419,0.847161063
3420,0.812126509
3421,0.773886863
3422,0.73259304
3423,0.688408006
3424,0.64150614
3425,0.592072543
3426,0.540302306
3427,0.486399742
3428,0.430577581
3429,0.373056127
3430,0.314062391
3431,0.253829194
3432,0.192594249
3433,0.130599223
3434,0.068088781
3435,0.005309624
3436,-0.057490488
3437,-0.120063711
3438,-0.182163097
3439,-0.243543569
3440,-0.303962886
3441,-0.3631826
3442,-0.420968998
3443,-0.477094024
3444,-0.531336178
3445,-0.583481391
3446,-0.633323869
3447,-0.680666907
3448,-0.725323664
3449,-0.7671179
3450,-0.805884672
3451,-0.841470985
3452,-0.873736397
3453,-0.90255357
3454,-0.927808777
3455,-0.949402346
3456,-0.967249058
3457,-0.98127848
3458,-0.991435244
3459,-0.997679266
3460,-0.999985904
3461,-0.998346054
3462,-0.992766189
3463,-0.983268329
3464,-0.969889958
3465,-0.952683874
3466,-0.931717983
3467,-0.907075026
3468,-0.878852258
3469,-0.847161063
3470,-0.812126509
3471,-0.773886863
3472,-0.73259304
3473,-0.688408006
3474,-0.64150614
3475,-0.592072543
3476,-0.540302306
3477,-0.486399742
3478,-0.430577581
3479,-0.373056127
3480,-0.314062391
3481,-0.253829194
3482,-0.192594249
3483,-0.130599223
3484,-0.068088781
3485,-0.005309624
3486,0.057490488
3487,0.120063711
3488,0.182163097
3489,0.243543569
3490,0.303962886
3491,0.3631826
3492,0.420968998
3493,0.477094024
3494,0.531336178
3495,0.583481391
3496,0.633323869
3497,0.680666907
3498,0.725323664
3499,0.7671179
3500,0.805884672
3501,0.841470985
3502,0.873736397
3503,0.90255357
3504,0.927808777
3505,0.949402346
3506,0.967249058
3507,0.98127848
3508,0.991435244
3509,0.997679266
3510,0.999985904
3511,0.998346054
3512,0.992766189
3513,0.983268329
3514,0.969889958
3515,0.952683874
3516,0.931717983
3517,0.907075026
3518,0.878852258
3519,0.847161063
3520,0.812126509
3521,0.773886863
3522,0.73259304
3523,0.688408006
3524,0.64150614
3525,0.592072543
3526,0.540302306
3527,0.486399742
3528,0.430577581
3529,0.373056127
3530,0.314062391
3531,0.253829194
3532,0.192594249
3533,0.130599223
3534,0.068088781
3535,0.005309624
3536,-0.057490488
3537,-0.120063711
3538,-0.182163097
3539,-0.243543569
3540,-0.303962886
3541,-0.3631826
3542,-0.420968998
3543,-0.477094024
3544,-0.531336178
3545,-0.583481391
3546,-0.633323869
3547,-0.680666907
3548,-0.725323664
3549,-0.7671179
3550,-0.805884672
3551,-0.841470985
3552,-0.873736397
3553,-0.90255357
3554,-0.927808777
3555,-0.949402346
3556,-0.967249058
3557,-0.98127848
3558,-0.991435244
3559,-0.997679266
3560,-0.999985904
3561,-0.998346054
3562,-0.992766189
3563,-0.983268329
3564,-0.969889958
3565,-0.952683874
3566,-0.931717983
3567,-0.907075026
3568,-0.878852258
3569,-0.847161063
3570,-0.812126509
3571,-0.773886863
3572,-0.73259304
3573,-0.688408006
3574,-0.64150614
3575,-0.592072543
3576,-0.540302306
3577,-0.486399742
3578,-0.430577581
3579,-0.373056127
3580,-0.314062391
3581,-0.253829194
3582,-0.192594249
3583,-0.130599223
3584,-0.068088781
3585,-0.005309624
3586,0.057490488
3587,0.120063711
3588,0.182163097
3589,0.243543569
3590,0.303962886
3591,0.3631826
3592,0.420968998
3593,0.477094024
3594,0.531336178
3595,0.583481391
3596,0.633323869
3597,0.680666907
3598,0.725323664
3599,0.7671179
3600,0.805884672
3601,0.841470985
3602,0.873736397
3603,0.90255357
3604,0.927808777
3605,0.949402346
3606,0.967249058
3607,0.98127848
3608,0.991435244
3609,0.997679266
3610,0.999985904
3611,0.998346054
3612,0.992766189
3613,0.983268329
3614,0.969889958
3615,0.952683874
3616,0.931717983
3617,0.907075026
3618,0.878852258
3619,0.847161063
3620,0.812126509
3621,0.773886863
3622,0.73259304
3623,0.688408006
3624,0.64150614
3625,0.592072543
3626,0.540302306
3627,0.486399742
3628,0.430577581
3629,0.373056127
3630,0.314062391
3631,0.253829194
3632,0.192594249
3633,0.130599223
3634,0.068088781
3635,0.005309624
3636,-0.057490488
3637,-0.120063711
3638,-0.182163097
3639,-0.243543569
3640,-0.303962886
3641,-0.3631826
3642,-0.420968998
3643,-0.477094024
3644,-0.531336178
3645,-0.583481391
3646,-0.633323869
3647,-0.680666907
3648,-0.725323664
3649,-0.7671179
3650,-0.805884672
3651,-0.841470985
3652,-0.873736397
3653,-0.90255357
3654,-0.927808777
3655,-0.949402346
3656,-0.967249058
3657,-0.98127848
3658,-0.991435244
3659,-0.997679266
3660,-0.999985904
3661,-0.998346054
3662,-0.992766189
3663,-0.983268329
3664,-0.969889958
3665,-0.952683874
3666,-0.931717983
3667,-0.907075026
3668,-0.878852258
3669,-0.847161063
3670,-0.812126509
3671,-0.773886863
3672,-0.73259304
3673,-0.688408006
3674,-0.64150614
3675,-0.592072543
3676,-0.540302306
3677,-0.486399742
3678,-0.430577581
3679,-0.373056127
3680,-0.314062391
3681,-0.253829194
3682,-0.192594249
3683,-0.130599223
3684,-0.068088781
3685,-0.005309624
3686,0.057490488
3687,0.120063711
3688,0.182163097
3689,0.243543569
3690,0.303962886
3691,0.3631826
3692,0.420968998
3693,0.477094024
3694,0.531336178
3695,0.583481391
3696,0.633323869
3697,0.680666907
3698,0.725323664
3699,0.7671179
3700,0.805884672
3701,0.841470985
3702,0.873736397
3703,0.90255357
3704,0.927808777
3705,0.949402346
3706,0.967249058
3707,0.98127848
3708,0.991435244
3709,0.997679266
3710,0.999985904
3711,0.998346054
3712,0.992766189
3713,0.983268329
3714,0.969889958
3715,0.952683874
3716,0.931717983
3717,0.907075026
3718,0.878852258
3719,0.847161063
3720,0.812126509
3721,0.773886863
3722,0.73259304
3723,0.688408006
3724,0.64150614
3725,0.592072543
3726,0.540302306
3727,0.486399742
3728,0.430577581
3729,0.373056127
3730,0.314062391
3731,0.253829194
3732,0.192594249
3733,0.130599223
3734,0.068088781
3735,0.005309624
3736,-0.057490488
3737,-0.120063711
3738,-0.182163097
3739,-0.243543569
3740,-0.303962886
3741,-0.3631826
3742,-0.420968998
3743,-0.477094024
3744,-0.531336178
3745,-0.583481391
3746,-0.633323869
3747,-0.680666907
3748,-0.725323664
3749,-0.7671179
3750,-0.805884672
3751,-0.841470985
3752,-0.873736397
3753,-0.90255357
3754,-0.927808777
3755,-0.949402346
3756,-0.967249058
3757,-0.98127848
3758,-0.991435244
3759,-0.997679266
3760,-0.999985904
3761,-0.998346054
3762,-0.992766189
3763,-0.983268329
3764,-0.969889958
3765,-0.952683874
3766,-0.931717983
3767,-0.907075026
3768,-0.878852258
3769,-0.847161063
3770,-0.812126509
3771,-0.773886863
3772,-0.73259304
3773,-0.688408006
3774,-0.64150614
3775,-0.592072543
3776,-0.540302306
3777,-0.486399742
3778,-0.430577581
3779,-0.373056127
3780,-0.314062391
3781,-0.253829194
3782,-0.192594249
3783,-0.130599223
3784,-0.068088781
3785,-0.005309624
3786,0.057490488
3787,0.120063711
3788,0.182163097
3789,0.243543569
3790,0.303962886
3791,0.3631826
3792,0.420968998
3793,0.477094024
3794,0.531336178
3795,0.583481391
3796,0.633323869
3797,0.680666907
3798,0.725323664
3799,0.7671179
3800,0.805884672
3801,0.841470985
3802,0.873736397
3803,0.90255357
3804,0.927808777
3805,0.949402346
3806,0.967249058
3807,0.98127848
3808,0.991435244
3809,0.997679266
3810,0.999985904
3811,0.998346054
3812,0.992766189
3813,0.983268329
3814,0.969889958
3815,0.952683874
3816,0.931717983
3817,0.907075026
3818,0.878852258
3819,0.847161063
3820,0.812126509
3821,0.773886863
3822,0.73259304
3823,0.688408006
3824,0.64150614
3825,0.592072543
3826,0.540302306
3827,0.486399742
3828,0.430577581
3829,0.373056127
3830,0.314062391
3831,0.253829194
3832,0.192594249
3833,0.130599223
3834,0.068088781
3835,0.005309624
3836,-0.057490488
3837,-0.120063711
3838,-0.182163097
3839,-0.243543569
3840,-0.303962886
3841,-0.3631826
3842,-0.420968998
3843,-0.477094024
3844,-0.531336178
3845,-0.583481391
3846,-0.633323869
3847,-0.680666907
3848,-0.725323664
3849,-0.7671179
3850,-0.805884672
3851,-0.841470985
3852,-0.873736397
3853,-0.90255357
3854,-0.927808777
3855,-0.949402346
3856,-0.967249058
3857,-0.98127848
3858,-0.991435244
3859,-0.997679266
3860,-0.999985904
3861,-0.998346054
3862,-0.992766189
3863,-0.983268329
3864,-0.969889958
3865,-0.952683874
3866,-0.931717983
3867,-0.907075026
3868,-0.878852258
3869,-0.847161063
3870,-0.812126509
3871,-0.773886863
3872,-0.73259304
3873,-0.688408006
3874,-0.64150614
3875,-0.592072543
3876,-0.540302306
3877,-0.486399742
3878,-0.430577581
3879,-0.373056127
3880,-0.314062391
3881,-0.253829194
3882,-0.192594249
3883,-0.130599223
3884,-0.068088781
3885,-0.005309624
3886,0.057490488
3887,0.120063711
3888,0.182163097
3889,0.243543569
3890,0.303962886
3891,0.3631826
3892,0.420968998
3893,0.477094024
3894,0.531336178
3895,0.583481391
3896,0.633323869
3897,0.680666907
3898,0.725323664
3899,0.7671179
3900,0.805884672
3901,0.841470985
3902,0.873736397
3903,0.90255357
3904,0.927808777
3905,0.949402346
3906,0.967249058
3907,0.98127848
3908,0.991435244
3909,0.997679266
3910,0.999985904
3911,0.998346054
3912,0.992766189
3913,0.983268329
3914,0.969889958
3915,0.952683874
3916,0.931717983
3917,0.907075026
3918,0.878852258
3919,0.847161063
3920,0.812126509
3921,0.773886863
3922,0.73259304
3923,0.688408006
3924,0.64150614
3925,0.592072543
3926,0.540302306
3927,0.486399742
3928,0.430577581
3929,0.373056127
3930,0.314062391
3931,0.253829194
3932,0.192594249
3933,0.130599223
3934,0.068088781
3935,0.005309624
3936,-0.057490488
3937,-0.120063711
3938,-0.182163097
3939,-0.243543569
3940,-0.303962886
3941,-0.3631826
3942,-0.420968998
3943,-0.477094024
3944,-0.531336178
3945,-0.583481391
3946,-0.633323869
3947,-0.680666907
3948,-0.725323664
3949,-0.7671179
3950,-0.805884672
3951,-0.841470985
3952,-0.873736397
3953,-0.90255357
3954,-0.927808777
3955,-0.949402346
3956,-0.967249058
3957,-0.98127848
3958,-0.991435244
3959,-0.997679266
3960,-0.999985904
3961,-0.998346054
3962,-0.992766189
3963,-0.983268329
3964,-0.969889958
3965,-0.952683874
3966,-0.931717983
3967,-0.907075026
3968,-0.878852258
3969,-0.847161063
3970,-0.812126509
3971,-0.773886863
3972,-0.73259304
3973,-0.688408006
3974,-0.64150614
3975,-0.592072543
3976,-0.540302306
3977,-0.486399742
3978,-0.430577581
3979,-0.373056127
3980,-0.314062391
3981,-0.253829194
3982,-0.192594249
3983,-0.130599223
3984,-0.068088781
3985,-0.005309624
3986,0.057490488
3987,0.120063711
3988,0.182163097
3989,0.243543569
3990,0.303962886
3991,0.3631826
3992,0.420968998
3993,0.477094024
3994,0.531336178
3995,0.583481391
3996,0.633323869
3997,0.680666907
3998,0.725323664
3999,0.7671179
4000,0.805884672
4001,0.841470985
4002,0.873736397
4003,0.90255357
4004,0.927808777
4005,0.949402346
4006,0.967249058
4007,0.98127848
4008,0.991435244
4009,0.997679266
4010,0.999985904
4011,0.998346054
4012,0.992766189
4013,0.983268329
4014,0.969889958
4015,0.952683874
4016,0.931717983
4017,0.907075026
4018,0.878852258
4019,0.847161063
4020,0.812126509
4021,0.773886863
4022,0.73259304
4023,0.688408006
4024,0.64150614
4025,0.592072543
4026,0.540302306
4027,0.486399742
4028,0.430577581
4029,0.373056127
4030,0.314062391
4031,0.253829194
4032,0.192594249
4033,0.130599223
4034,0.068088781
4035,0.005309624
4036,-0.057490488
4037,-0.120063711
4038,-0.182163097
4039,-0.243543569
4040,-0.303962886
4041,-0.3631826
4042,-0.420968998
4043,-0.477094024
4044,-0.531336178
4045,-0.583481391
4046,-0.633323869
4047,-0.680666907
4048,-0.725323664
4049,-0.7671179
4050,-0.805884672
4051,-0.841470985
4052,-0.873736397
4053,-0.90255357
4054,-0.927808777
4055,-0.949402346
4056,-0.967249058
4057,-0.98127848
4058,-0.991435244
4059,-0.997679266
4060,-0.999985904
4061,-0.998346054
4062,-0.992766189
4063,-0.983268329
4064,-0.969889958
4065,-0.952683874
4066,-0.931717983
4067,-0.907075026
4068,-0.878852258
4069,-0.847161063
4070,-0.812126509
4071,-0.773886863
4072,-0.73259304
4073,-0.688408006
4074,-0.64150614
4075,-0.592072543
4076,-0.540302306
4077,-0.486399742
4078,-0.430577581
4079,-0.373056127
4080,-0.314062391
4081,-0.253829194
4082,-0.192594249
4083,-0.130599223
4084,-0.068088781
4085,-0.005309624
4086,0.057490488
4087,0.120063711
4088,0.182163097
4089,0.243543569
4090,0.303962886
4091,0.3631826
4092,0.420968998
4093,0.477094024
4094,0.531336178
4095,0.583481391
4096,0.633323869
4097,0.680666907
4098,0.725323664
4099,0.7671179
4100,0.805884672
4101,0.841470985
4102,0.873736397
4103,0.90255357
4104,0.927808777
4105,0.949402346
4106,0.967249058
4107,0.98127848
4108,0.991435244
4109,0.997679266
4110,0.999985904
4111,0.998346054
4112,0.992766189
4113,0.983268329
4114,0.969889958
4115,0.952683874
4116,0.931717983
4117,0.907075026
4118,0.878852258
4119,0.847161063
4120,0.812126509
4121,0.773886863
4122,0.73259304
4123,0.688408006
4124,0.64150614
4125,0.592072543
4126,0.540302306
4127,0.486399742
4128,0.430577581
4129,0.373056127
4130,0.314062391
4131,0.253829194
4132,0.192594249
4133,0.130599223
4134,0.068088781
4135,0.005309624
4136,-0.057490488
4137,-0.120063711
4138,-0.182163097
4139,-0.243543569
4140,-0.303962886
4141,-0.3631826
4142,-0.420968998
4143,-0.477094024
4144,-0.531336178
4145,-0.583481391
4146,-0.633323869
4147,-0.680666907
4148,-0.725323664
4149,-0.7671179
4150,-0.805884672
4151,-0.841470985
4152,-0.873736397
4153,-0.90255357
4154,-0.927808777
4155,-0.949402346
4156,-0.967249058
4157,-0.98127848
4158,-0.991435244
4159,-0.997679266
4160,-0.999985904
4161,-0.998346054
4162,-0.992766189
4163,-0.983268329
4164,-0.969889958
4165,-0.952683874
4166,-0.931717983
4167,-0.907075026
4168,-0.878852258
4169,-0.847161063
4170,-0.812126509
4171,-0.773886863
4172,-0.73259304
4173,-0.688408006
4174,-0.64150614
4175,-0.592072543
4176,-0.540302306
4177,-0.486399742
4178,-0.430577581
4179,-0.373056127
4180,-0.314062391
4181,-0.253829194
4182,-0.192594249
4183,-0.130599223
4184,-0.068088781
4185,-0.005309624
4186,0.057490488
4187,0.120063711
4188,0.182163097
4189,0.243543569
4190,0.303962886
4191,0.3631826
4192,0.420968998
4193,0.477094024
4194,0.531336178
4195,0.583481391
4196,0.633323869
4197,0.680666907
4198,0.725323664
4199,0.7671179
4200,0.805884672
4201,0.841470985
4202,0.873736397
4203,0.90255357
4204,0.927808777
4205,0.949402346
4206,0.967249058
4207,0.98127848
4208,0.991435244
4209,0.997679266
4210,0.999985904
4211,0.998346054
4212,0.992766189
4213,0.983268329
4214,0.969889958
4215,0.952683874
4216,0.931717983
4217,0.907075026
4218,0.878852258
4219,0.847161063
4220,0.812126509
4221,0.773886863
4222,0.73259304
4223,0.688408006
4224,0.64150614
4225,0.592072543
4226,0.540302306
4227,0.486399742
4228,0.430577581
4229,0.373056127
4230,0.314062391
4231,0.253829194
4232,0.192594249
4233,0.130599223
4234,0.068088781
4235,0.005309624
4236,-0.057490488
4237,-0.120063711
4238,-0.182163097
4239,-0.243543569
4240,-0.303962886
4241,-0.3631826
4242,-0.420968998
4243,-0.477094024
4244,-0.531336178
4245,-0.583481391
4246,-0.633323869
4247,-0.680666907
4248,-0.725323664
4249,-0.7671179
4250,-0.805884672
4251,-0.841470985
4252,-0.873736397
4253,-0.90255357
4254,-0.927808777
4255,-0.949402346
4256,-0.967249058
4257,-0.98127848
4258,-0.991435244
4259,-0.997679266
4260,-0.999985904
4261,-0.998346054
4262,-0.992766189
4263,-0.983268329
4264,-0.969889958
4265,-0.952683874
4266,-0.931717983
4267,-0.907075026
4268,-0.878852258
4269,-0.847161063
4270,-0.812126509
4271,-0.773886863
4272,-0.73259304
4273,-0.688408006
4274,-0.64150614
4275,-0.592072543
4276,-0.540302306
4277,-0.486399742
4278,-0.430577581
4279,-0.373056127
4280,-0.314062391
4281,-0.253829194
4282,-0.192594249
4283,-0.130599223
4284,-0.068088781
4285,-0.005309624
4286,0.057490488
4287,0.120063711
4288,0.182163097
4289,0.243543569
4290,0.303962886
4291,0.3631826
4292,0.420968998
4293,0.477094024
4294,0.531336178
4295,0.583481391
4296,0.633323869
4297,0.680666907
4298,0.725323664
4299,0.7671179
4300,0.805884672
4301,0.841470985
4302,0.873736397
4303,0.90255357
4304,0.927808777
4305,0.949402346
4306,0.967249058
4307,0.98127848
4308,0.991435244
4309,0.997679266
4310,0.999985904
4311,0.998346054
4312,0.992766189
4313,0.983268329
4314,0.969889958
4315,0.952683874
4316,0.931717983
4317,0.907075026
4318,0.878852258
4319,0.847161063
4320,0.812126509
4321,0.773886863
4322,0.73259304
4323,0.688408006
4324,0.64150614
4325,0.592072543
4326,0.540302306
4327,0.486399742
4328,0.430577581
4329,0.373056127
4330,0.314062391
4331,0.253829194
4332,0.192594249
4333,0.130599223
4334,0.068088781
4335,0.005309624
4336,-0.057490488
4337,-0.120063711
4338,-0.182163097
4339,-0.243543569
4340,-0.303962886
4341,-0.3631826
4342,-0.420968998
4343,-0.477094024
4344,-0.531336178
4345,-0.583481391
4346,-0.633323869
4347,-0.680666907
4348,-0.725323664
4349,-0.7671179
4350,-0.805884672
4351,-0.841470985
4352,-0.873736397
4353,-0.90255357
4354,-0.927808777
4355,-0.949402346
4356,-0.967249058
4357,-0.98127848
4358,-0.991435244
4359,-0.997679266
4360,-0.999985904
4361,-0.998346054
4362,-0.992766189
4363,-0.983268329
4364,-0.969889958
4365,-0.952683874
4366,-0.931717983
4367,-0.907075026
4368,-0.878852258
4369,-0.847161063
4370,-0.812126509
4371,-0.773886863
4372,-0.73259304
4373,-0.688408006
4374,-0.64150614
4375,-0.592072543
4376,-0.540302306
4377,-0.486399742
4378,-0.430577581
4379,-0.373056127
4380,-0.314062391
4381,-0.253829194
4382,-0.192594249
4383,-0.130599223
4384,-0.068088781
4385,-0.005309624
4386,0.057490488
4387,0.120063711
4388,0.182163097
4389,0.243543569
4390,0.303962886
4391,0.3631826
4392,0.420968998
4393,0.477094024
4394,0.531336178
4395,0.583481391
4396,0.633323869
4397,0.680666907
4398,0.725323664
4399,0.7671179
4400,0.805884672
4401,0.841470985
4402,0.873736397
4403,0.90255357
4404,0.927808777
4405,0.949402346
4406,0.967249058
4407,0.98127848
4408,0.991435244
4409,0.997679266
4410,0.999985904
4411,0.998346054
4412,0.992766189
4413,0.983268329
4414,0.969889958
4415,0.952683874
4416,0.931717983
4417,0.907075026
4418,0.878852258
4419,0.847161063
4420,0.812126509
4421,0.773886863
4422,0.73259304
4423,0.688408006
4424,0.64150614
4425,0.592072543
4426,0.540302306
4427,0.486399742
4428,0.430577581
4429,0.373056127
4430,0.314062391
4431,0.253829194
4432,0.192594249
4433,0.130599223
4434,0.068088781
4435,0.005309624
4436,-0.057490488
4437,-0.120063711
4438,-0.182163097
4439,-0.243543569
4440,-0.303962886
4441,-0.3631826
4442,-0.420968998
4443,-0.477094024
4444,-0.531336178
4445,-0.583481391
4446,-0.633323869
4447,-0.680666907
4448,-0.725323664
4449,-0.7671179
4450,-0.805884672
4451,-0.841470985
4452,-0.873736397
4453,-0.90255357
4454,-0.927808777
4455,-0.949402346
4456,-0.967249058
4457,-0.98127848
4458,-0.991435244
4459,-0.997679266
4460,-0.999985904
4461,-0.998346054
4462,-0.992766189
4463,-0.983268329
4464,-0.969889958
4465,-0.952683874
4466,-0.931717983
4467,-0.907075026
4468,-0.878852258
4469,-0.847161063
4470,-0.812126509
4471,-0.773886863
4472,-0.73259304
4473,-0.688408006
4474,-0.64150614
4475,-0.592072543
4476,-0.540302306
4477,-0.486399742
4478,-0.430577581
4479,-0.373056127
4480,-0.314062391
4481,-0.253829194
4482,-0.192594249
4483,-0.130599223
4484,-0.068088781
4485,-0.005309624
4486,0.057490488
4487,0.120063711
4488,0.182163097
4489,0.243543569
4490,0.303962886
4491,0.3631826
4492,0.420968998
4493,0.477094024
4494,0.531336178
4495,0.583481391
4496,0.633323869
4497,0.680666907
4498,0.725323664
4499,0.7671179
4500,0.805884672
4501,0.841470985
4502,0.873736397
4503,0.90255357
4504,0.927808777
4505,0.949402346
4506,0.967249058
4507,0.98127848
4508,0.991435244
4509,0.997679266
4510,0.999985904
4511,0.998346054
4512,0.992766189
4513,0.983268329
4514,0.969889958
4515,0.952683874
4516,0.931717983
4517,0.907075026
4518,0.878852258
4519,0.847161063
4520,0.812126509
4521,0.773886863
4522,0.73259304
4523,0.688408006
4524,0.64150614
4525,0.592072543
4526,0.540302306
4527,0.486399742
4528,0.430577581
4529,0.373056127
4530,0.314062391
4531,0.253829194
4532,0.192594249
4533,0.130599223
4534,0.068088781
4535,0.005309624
4536,-0.057490488
4537,-0.120063711
4538,-0.182163097
4539,-0.243543569
4540,-0.303962886
4541,-0.3631826
4542,-0.420968998
4543,-0.477094024
4544,-0.531336178
4545,-0.583481391
4546,-0.633323869
4547,-0.680666907
4548,-0.725323664
4549,-0.7671179
4550,-0.805884672
4551,-0.841470985
4552,-0.873736397
4553,-0.90255357
4554,-0.927808777
4555,-0.949402346
4556,-0.967249058
4557,-0.98127848
4558,-0.991435244
4559,-0.997679266
4560,-0.999985904
4561,-0.998346054
4562,-0.992766189
4563,-0.983268329
4564,-0.969889958
4565,-0.952683874
4566,-0.931717983
4567,-0.907075026
4568,-0.878852258
4569,-0.847161063
4570,-0.812126509
4571,-0.773886863
4572,-0.73259304
4573,-0.688408006
4574,-0.64150614
4575,-0.592072543
4576,-0.540302306
4577,-0.486399742
4578,-0.430577581
4579,-0.373056127
4580,-0.314062391
4581,-0.253829194
4582,-0.192594249
4583,-0.130599223
4584,-0.068088781
4585,-0.005309624
4586,0.057490488
4587,0.120063711
4588,0.182163097
4589,0.243543569
4590,0.303962886
4591,0.3631826
4592,0.420968998
4593,0.477094024
4594,0.531336178
4595,0.583481391
4596,0.633323869
4597,0.680666907
4598,0.725323664
4599,0.7671179
4600,0.805884672
4601,0.841470985
4602,0.873736397
4603,0.90255357
4604,0.927808777
4605,0.949402346
4606,0.967249058
4607,0.98127848
4608,0.991435244
4609,0.997679266
4610,0.999985904
4611,0.998346054
4612,0.992766189
4613,0.983268329
4614,0.969889958
4615,0.952683874
4616,0.931717983
4617,0.907075026
4618,0.878852258
4619,0.847161063
4620,0.812126509
4621,0.773886863
4622,0.73259304
4623,0.688408006
4624,0.64150614
4625,0.592072543
4626,0.540302306
4627,0.486399742
4628,0.430577581
4629,0.373056127
4630,0.314062391
4631,0.253829194
4632,0.192594249
4633,0.130599223
4634,0.068088781
4635,0.005309624
4636,-0.057490488
4637,-0.120063711
4638,-0.182163097
4639,-0.243543569
4640,-0.303962886
4641,-0.3631826
4642,-0.420968998
4643,-0.477094024
4644,-0.531336178
4645,-0.583481391
4646,-0.633323869
4647,-0.680666907
4648,-0.725323664
4649,-0.7671179
4650,-0.805884672
4651,-0.841470985
4652,-0.873736397
4653,-0.90255357
4654,-0.927808777
4655,-0.949402346
4656,-0.967249058
4657,-0.98127848
4658,-0.991435244
4659,-0.997679266
4660,-0.999985904
4661,-0.998346054
4662,-0.992766189
4663,-0.983268329
4664,-0.969889958
4665,-0.952683874
4666,-0.931717983
4667,-0.907075026
4668,-0.878852258
4669,-0.847161063
4670,-0.812126509
4671,-0.773886863
4672,-0.73259304
4673,-0.688408006
4674,-0.64150614
4675,-0.592072543
4676,-0.540302306
4677,-0.486399742
4678,-0.430577581
4679,-0.373056127
4680,-0.314062391
4681,-0.253829194
4682,-0.192594249
4683,-0.130599223
4684,-0.068088781
4685,-0.005309624
4686,0.057490488
4687,0.120063711
4688,0.182163097
4689,0.243543569
4690,0.303962886
4691,0.3631826
4692,0.420968998
4693,0.477094024
4694,0.531336178
4695,0.583481391
4696,0.633323869
4697,0.680666907
4698,0.725323664
4699,0.7671179
4700,0.805884672
4701,0.841470985
4702,0.873736397
4703,0.90255357
4704,0.927808777
4705,0.949402346
4706,0.967249058
4707,0.98127848
4708,0.991435244
4709,0.997679266
4710,0.999985904
4711,0.998346054
4712,0.992766189
4713,0.983268329
4714,0.969889958
4715,0.952683874
4716,0.931717983
4717,0.907075026
4718,0.878852258
4719,0.847161063
4720,0.812126509
4721,0.773886863
4722,0.73259304
4723,0.688408006
4724,0.64150614
4725,0.592072543
4726,0.540302306
4727,0.486399742
4728,0.430577581
4729,0.373056127
4730,0.314062391
4731,0.253829194
4732,0.192594249
4733,0.130599223
4734,0.068088781
4735,0.005309624
4736,-0.057490488
4737,-0.120063711
4738,-0.182163097
4739,-0.243543569
4740,-0.303962886
4741,-0.3631826
4742,-0.420968998
4743,-0.477094024
4744,-0.531336178
4745,-0.583481391
4746,-0.633323869
4747,-0.680666907
4748,-0.725323664
4749,-0.7671179
4750,-0.805884672
4751,-0.841470985
4752,-0.873736397
4753,-0.90255357
4754,-0.927808777
4755,-0.949402346
4756,-0.967249058
4757,-0.98127848
4758,-0.991435244
4759,-0.997679266
4760,-0.999985904
4761,-0.998346054
4762,-0.992766189
4763,-0.983268329
4764,-0.969889958
4765,-0.952683874
4766,-0.931717983
4767,-0.907075026
4768,-0.878852258
4769,-0.847161063
4770,-0.812126509
4771,-0.773886863
4772,-0.73259304
4773,-0.688408006
4774,-0.64150614
4775,-0.592072543
4776,-0.540302306
4777,-0.486399742
4778,-0.430577581
4779,-0.373056127
4780,-0.314062391
4781,-0.253829194
4782,-0.192594249
4783,-0.130599223
4784,-0.068088781
4785,-0.005309624
4786,0.057490488
4787,0.120063711
4788,0.182163097
4789,0.243543569
4790,0.303962886
4791,0.3631826
4792,0.420968998
4793,0.477094024
4794,0.531336178
4795,0.583481391
4796,0.633323869
4797,0.680666907
4798,0.725323664
4799,0.7671179
4800,0.805884672
4801,0.841470985
4802,0.873736397
4803,0.90255357
4804,0.927808777
4805,0.949402346
4806,0.967249058
4807,0.98127848
4808,0.991435244
4809,0.997679266
4810,0.999985904
4811,0.998346054
4812,0.992766189
4813,0.983268329
4814,0.969889958
4815,0.952683874
4816,0.931717983
4817,0.907075026
4818,0.878852258
4819,0.847161063
4820,0.812126509
4821,0.773886863
4822,0.73259304
4823,0.688408006
4824,0.64150614
4825,0.592072543
4826,0.540302306
4827,0.486399742
4828,0.430577581
4829,0.373056127
4830,0.314062391
4831,0.253829194
4832,0.192594249
4833,0.130599223
4834,0.068088781
4835,0.005309624
4836,-0.057490488
4837,-0.120063711
4838,-0.182163097
4839,-0.243543569
4840,-0.303962886
4841,-0.3631826
4842,-0.420968998
4843,-0.477094024
4844,-0.531336178
4845,-0.583481391
4846,-0.633323869
4847,-0.680666907
4848,-0.725323664
4849,-0.7671179
4850,-0.805884672
4851,-0.841470985
4852,-0.873736397
4853,-0.90255357
4854,-0.927808777
4855,-0.949402346
4856,-0.967249058
4857,-0.98127848
4858,-0.991435244
4859,-0.997679266
4860,-0.999985904
4861,-0.998346054
4862,-0.992766189
4863,-0.983268329
4864,-0.969889958
4865,-0.952683874
4866,-0.931717983
4867,-0.907075026
4868,-0.878852258
4869,-0.847161063
4870,-0.812126509
4871,-0.773886863
4872,-0.73259304
4873,-0.688408006
4874,-0.64150614
4875,-0.592072543
4876,-0.540302306
4877,-0.486399742
4878,-0.430577581
4879,-0.373056127
4880,-0.314062391
4881,-0.253829194
4882,-0.192594249
4883,-0.130599223
4884,-0.068088781
4885,-0.005309624
4886,0.057490488
4887,0.120063711
4888,0.182163097
4889,0.243543569
4890,0.303962886
4891,0.3631826
4892,0.420968998
4893,0.477094024
4894,0.531336178
4895,0.583481391
4896,0.633323869
4897,0.680666907
4898,0.725323664
4899,0.7671179
4900,0.805884672
4901,0.841470985
4902,0.873736397
4903,0.90255357
4904,0.927808777
4905,0.949402346
4906,0.967249058
4907,0.98127848
4908,0.991435244
4909,0.997679266
4910,0.999985904
4911,0.998346054
4912,0.992766189
4913,0.983268329
4914,0.969889958
4915,0.952683874
4916,0.931717983
4917,0.907075026
4918,0.878852258
4919,0.847161063
4920,0.812126509
4921,0.773886863
4922,0.73259304
4923,0.688408006
4924,0.64150614
4925,0.592072543
4926,0.540302306
4927,0.486399742
4928,0.430577581
4929,0.373056127
4930,0.314062391
4931,0.253829194
4932,0.192594249
4933,0.130599223
4934,0.068088781
4935,0.005309624
4936,-0.057490488
4937,-0.120063711
4938,-0.182163097
4939,-0.243543569
4940,-0.303962886
4941,-0.3631826
4942,-0.420968998
4943,-0.477094024
4944,-0.531336178
4945,-0.583481391
4946,-0.633323869
4947,-0.680666907
4948,-0.725323664
4949,-0.7671179
4950,-0.805884672
4951,-0.841470985
4952,-0.873736397
4953,-0.90255357
4954,-0.927808777
4955,-0.949402346
4956,-0.967249058
4957,-0.98127848
4958,-0.991435244
4959,-0.997679266
4960,-0.999985904
4961,-0.998346054
4962,-0.992766189
4963,-0.983268329
4964,-0.969889958
4965,-0.952683874
4966,-0.931717983
4967,-0.907075026
4968,-0.878852258
4969,-0.847161063
4970,-0.812126509
4971,-0.773886863
4972,-0.73259304
4973,-0.688408006
4974,-0.64150614
4975,-0.592072543
4976,-0.540302306
4977,-0.486399742
4978,-0.430577581
4979,-0.373056127
4980,-0.314062391
4981,-0.253829194
4982,-0.192594249
4983,-0.130599223
4984,-0.068088781
4985,-0.005309624
4986,0.057490488
4987,0.120063711
4988,0.182163097
4989,0.243543569
4990,0.303962886
4991,0.3631826
4992,0.420968998
4993,0.477094024
4994,0.531336178
4995,0.583481391
4996,0.633323869
4997,0.680666907
4998,0.725323664
4999,0.7671179
5000,0.805884672
5001,0.841470985
